timestamp,lat,lon,heading,sat_count,rtk_status,speed_kmph,age
2026-07-22T10:56:07.003076+00:00,10.8520426533,106.7713779783,203.434,31,RTK Fixed,9.069,1.0
2026-07-22T10:56:07.101353+00:00,10.8520405217,106.7713777250,203.565,31,RTK Fixed,9.093,1.1
2026-07-22T10:56:07.197628+00:00,10.8520383633,106.7713773650,203.581,31,RTK Fixed,8.502,1.2
2026-07-22T10:56:07.297116+00:00,10.8520362750,106.7713772817,203.542,30,RTK Fixed,8.709,1.3
2026-07-22T10:56:07.401978+00:00,10.8520341400,106.7713769967,203.527,30,RTK Fixed,8.206,1.4
2026-07-22T10:56:07.497107+00:00,10.8520318267,106.7713766417,203.441,30,RTK Fixed,8.611,0.5
2026-07-22T10:56:07.597687+00:00,10.8520298183,106.7713763700,203.447,30,RTK Fixed,9.027,0.6
2026-07-22T10:56:07.692456+00:00,10.8520276467,106.7713761083,203.277,30,RTK Fixed,8.135,0.7
2026-07-22T10:56:07.793786+00:00,10.8520253583,106.7713759467,203.245,29,RTK Fixed,8.63,0.8
2026-07-22T10:56:07.893919+00:00,10.8520232633,106.7713756100,203.055,30,RTK Fixed,8.831,0.9
2026-07-22T10:56:08.002771+00:00,10.8520209950,106.7713753450,203.048,28,RTK Fixed,8.887,1.0
2026-07-22T10:56:08.093558+00:00,10.8520186633,106.7713749900,187.126,30,RTK Fixed,8.985,1.1
2026-07-22T10:56:08.198302+00:00,10.8520165883,106.7713748550,203.34,31,RTK Fixed,8.758,1.2
2026-07-22T10:56:08.294984+00:00,10.8520142967,106.7713745533,203.392,28,RTK Fixed,8.525,1.3
2026-07-22T10:56:08.397442+00:00,10.8520122833,106.7713743267,203.531,29,RTK Fixed,9.059,1.4
2026-07-22T10:56:08.498357+00:00,10.8520100267,106.7713741017,203.642,30,RTK Fixed,8.282,0.5
2026-07-22T10:56:08.596643+00:00,10.8520077317,106.7713738550,203.728,30,RTK Fixed,9.016,0.6
2026-07-22T10:56:08.695226+00:00,10.8520057267,106.7713736383,203.957,30,RTK Fixed,9.222,0.7
2026-07-22T10:56:08.800152+00:00,10.8520035050,106.7713732867,204.018,31,RTK Fixed,8.62,0.8
2026-07-22T10:56:08.896129+00:00,10.8520011417,106.7713730433,204.12,31,RTK Fixed,8.462,0.9
2026-07-22T10:56:09.004491+00:00,10.8519988933,106.7713729000,204.259,31,RTK Fixed,8.724,1.0
2026-07-22T10:56:09.094860+00:00,10.8519966467,106.7713725850,185.579,30,RTK Fixed,8.791,1.1
2026-07-22T10:56:09.199173+00:00,10.8519944050,106.7713723733,186.059,31,RTK Fixed,8.847,1.2
2026-07-22T10:56:09.297885+00:00,10.8519922050,106.7713721967,185.578,30,RTK Fixed,8.809,1.3
2026-07-22T10:56:09.404364+00:00,10.8519900817,106.7713720000,186.547,30,RTK Fixed,8.634,1.4
2026-07-22T10:56:09.499533+00:00,10.8519878183,106.7713718067,203.796,31,RTK Fixed,8.487,0.5
2026-07-22T10:56:09.600785+00:00,10.8519855367,106.7713714350,203.677,30,RTK Fixed,9.232,0.6
2026-07-22T10:56:09.693943+00:00,10.8519834733,106.7713711383,203.494,29,RTK Fixed,8.932,0.7
2026-07-22T10:56:09.794431+00:00,10.8519812800,106.7713707917,203.425,30,RTK Fixed,8.72,0.8
2026-07-22T10:56:09.896355+00:00,10.8519790917,106.7713705283,203.258,31,RTK Fixed,8.807,0.9
2026-07-22T10:56:10.003583+00:00,10.8519769067,106.7713701900,203.212,28,RTK Fixed,8.764,1.0
2026-07-22T10:56:10.091382+00:00,10.8519747833,106.7713700350,203.042,30,RTK Fixed,8.756,1.1
2026-07-22T10:56:10.200387+00:00,10.8519724917,106.7713697717,203.01,31,RTK Fixed,8.858,1.2
2026-07-22T10:56:10.297183+00:00,10.8519703917,106.7713696383,203.004,31,RTK Fixed,9.046,1.3
2026-07-22T10:56:10.400344+00:00,10.8519682883,106.7713694483,202.943,30,RTK Fixed,8.699,1.4
2026-07-22T10:56:10.497747+00:00,10.8519660383,106.7713692267,202.944,30,RTK Fixed,8.603,1.5
2026-07-22T10:56:10.599269+00:00,10.8519638200,106.7713691633,202.931,30,RTK Fixed,9.009,0.6
2026-07-22T10:56:10.697558+00:00,10.8519615483,106.7713689500,202.743,29,RTK Fixed,8.91,0.7
2026-07-22T10:56:10.798131+00:00,10.8519593483,106.7713687333,202.596,30,RTK Fixed,9.378,0.8
2026-07-22T10:56:10.894750+00:00,10.8519572250,106.7713684733,202.654,30,RTK Fixed,8.882,0.9
2026-07-22T10:56:11.003974+00:00,10.8519549067,106.7713682050,202.68,30,RTK Fixed,8.883,1.0
2026-07-22T10:56:11.095368+00:00,10.8519527183,106.7713679550,202.742,30,RTK Fixed,9.084,1.1
2026-07-22T10:56:11.197639+00:00,10.8519503850,106.7713677383,202.804,31,RTK Fixed,8.908,1.2
2026-07-22T10:56:11.298380+00:00,10.8519482567,106.7713676650,202.836,29,RTK Fixed,9.14,1.3
2026-07-22T10:56:11.399213+00:00,10.8519460033,106.7713673833,202.788,29,RTK Fixed,8.562,1.4
2026-07-22T10:56:11.495572+00:00,10.8519437667,106.7713671967,202.856,32,RTK Fixed,9.082,1.5
2026-07-22T10:56:11.595455+00:00,10.8519414833,106.7713669033,202.996,31,RTK Fixed,8.942,0.6
2026-07-22T10:56:11.696079+00:00,10.8519392867,106.7713667650,203.198,31,RTK Fixed,9.208,0.7
2026-07-22T10:56:11.804481+00:00,10.8519370900,106.7713665233,203.398,31,RTK Fixed,8.873,0.8
2026-07-22T10:56:11.897325+00:00,10.8519347967,106.7713664350,203.685,32,RTK Fixed,8.66,0.9
2026-07-22T10:56:12.008356+00:00,10.8519326433,106.7713663883,203.828,31,RTK Fixed,8.868,1.0
2026-07-22T10:56:12.094148+00:00,10.8519302867,106.7713661383,203.986,30,RTK Fixed,8.369,1.1
2026-07-22T10:56:12.199664+00:00,10.8519282100,106.7713658017,204.054,31,RTK Fixed,8.928,1.2
2026-07-22T10:56:12.294496+00:00,10.8519259833,106.7713654617,204.094,31,RTK Fixed,8.832,1.3
2026-07-22T10:56:12.402207+00:00,10.8519237717,106.7713652400,204.169,31,RTK Fixed,8.675,1.4
2026-07-22T10:56:12.499366+00:00,10.8519213783,106.7713649400,204.322,32,RTK Fixed,8.644,1.5
2026-07-22T10:56:12.601029+00:00,10.8519190733,106.7713647967,204.428,31,RTK Fixed,8.893,0.6
2026-07-22T10:56:12.695809+00:00,10.8519168083,106.7713644767,204.483,31,RTK Fixed,8.935,0.7
2026-07-22T10:56:12.802373+00:00,10.8519146300,106.7713642417,204.571,31,RTK Fixed,9.081,0.8
2026-07-22T10:56:12.898022+00:00,10.8519123800,106.7713639667,204.497,31,RTK Fixed,8.698,0.9
2026-07-22T10:56:13.004200+00:00,10.8519100900,106.7713639000,204.639,31,RTK Fixed,8.903,1.0
2026-07-22T10:56:13.096034+00:00,10.8519078583,106.7713636600,186.707,31,RTK Fixed,8.926,1.1
2026-07-22T10:56:13.196241+00:00,10.8519056100,106.7713632767,185.2,31,RTK Fixed,9.012,1.2
2026-07-22T10:56:13.293561+00:00,10.8519032467,106.7713629633,185.698,31,RTK Fixed,9.019,1.3
2026-07-22T10:56:13.402936+00:00,10.8519010283,106.7713628150,185.577,31,RTK Fixed,9.137,1.4
2026-07-22T10:56:13.497676+00:00,10.8518987783,106.7713625617,185.464,31,RTK Fixed,8.832,1.5
2026-07-22T10:56:13.598876+00:00,10.8518964517,106.7713623067,185.263,31,RTK Fixed,9.123,0.6
2026-07-22T10:56:13.695973+00:00,10.8518941367,106.7713620867,185.981,31,RTK Fixed,9.428,0.7
2026-07-22T10:56:13.799483+00:00,10.8518918750,106.7713618917,185.503,31,RTK Fixed,9.424,0.8
2026-07-22T10:56:13.895946+00:00,10.8518896367,106.7713615183,186.252,31,RTK Fixed,9.055,0.9
2026-07-22T10:56:14.002037+00:00,10.8518873733,106.7713612733,185.891,30,RTK Fixed,8.899,1.0
2026-07-22T10:56:14.092057+00:00,10.8518851700,106.7713610183,186.646,31,RTK Fixed,9.088,1.1
2026-07-22T10:56:14.195708+00:00,10.8518828150,106.7713606433,187.004,31,RTK Fixed,9.002,1.2
2026-07-22T10:56:14.294994+00:00,10.8518806350,106.7713603200,186.63,30,RTK Fixed,9.192,1.3
2026-07-22T10:56:14.396414+00:00,10.8518783667,106.7713601200,186.275,30,RTK Fixed,8.852,1.4
2026-07-22T10:56:14.495674+00:00,10.8518760933,106.7713597900,186.323,31,RTK Fixed,8.953,1.5
2026-07-22T10:56:14.596130+00:00,10.8518737867,106.7713595650,186.358,31,RTK Fixed,8.921,0.6
2026-07-22T10:56:14.695414+00:00,10.8518714867,106.7713592967,186.269,31,RTK Fixed,9.102,0.7
2026-07-22T10:56:14.796542+00:00,10.8518692133,106.7713590767,186.366,30,RTK Fixed,9.261,0.8
2026-07-22T10:56:14.894158+00:00,10.8518669900,106.7713587850,186.708,30,RTK Fixed,9.213,0.9
2026-07-22T10:56:14.999214+00:00,10.8518647950,106.7713584983,186.108,29,RTK Fixed,9.149,1.0
2026-07-22T10:56:15.094146+00:00,10.8518625117,106.7713582900,186.156,31,RTK Fixed,8.978,1.1
2026-07-22T10:56:15.196008+00:00,10.8518602050,106.7713579867,186.851,30,RTK Fixed,9.082,1.2
2026-07-22T10:56:15.295271+00:00,10.8518579583,106.7713576600,186.897,32,RTK Fixed,8.946,1.3
2026-07-22T10:56:15.395789+00:00,10.8518556883,106.7713573350,186.924,30,RTK Fixed,9.092,1.4
2026-07-22T10:56:15.498739+00:00,10.8518534233,106.7713571483,187.891,31,RTK Fixed,9.154,1.5
2026-07-22T10:56:15.595481+00:00,10.8518511367,106.7713568133,187.931,31,RTK Fixed,9.017,0.6
2026-07-22T10:56:15.694272+00:00,10.8518488400,106.7713564867,187.659,31,RTK Fixed,9.14,0.7
2026-07-22T10:56:15.798869+00:00,10.8518465417,106.7713561183,187.749,31,RTK Fixed,9.136,0.8
2026-07-22T10:56:15.896085+00:00,10.8518442850,106.7713558417,187.521,30,RTK Fixed,9.296,0.9
2026-07-22T10:56:16.006105+00:00,10.8518420500,106.7713553600,187.803,30,RTK Fixed,9.409,1.0
2026-07-22T10:56:16.095278+00:00,10.8518398283,106.7713550467,186.926,31,RTK Fixed,9.12,1.1
2026-07-22T10:56:16.194464+00:00,10.8518376500,106.7713546483,187.162,30,RTK Fixed,8.974,1.2
2026-07-22T10:56:16.292718+00:00,10.8518353983,106.7713543933,186.979,31,RTK Fixed,8.969,1.3
2026-07-22T10:56:16.399110+00:00,10.8518330100,106.7713540150,187.018,31,RTK Fixed,9.201,1.4
2026-07-22T10:56:16.500416+00:00,10.8518307217,106.7713538750,186.235,31,RTK Fixed,9.374,1.5
2026-07-22T10:56:16.594784+00:00,10.8518284050,106.7713536150,186.356,31,RTK Fixed,9.09,0.6
2026-07-22T10:56:16.693473+00:00,10.8518262200,106.7713533117,185.628,31,RTK Fixed,9.226,0.7
2026-07-22T10:56:16.798404+00:00,10.8518237667,106.7713530567,185.777,31,RTK Fixed,8.971,0.8
2026-07-22T10:56:16.895658+00:00,10.8518213067,106.7713528100,184.946,31,RTK Fixed,9.211,0.9
2026-07-22T10:56:17.005541+00:00,10.8518190917,106.7713525917,185.249,31,RTK Fixed,9.031,1.0
2026-07-22T10:56:17.095066+00:00,10.8518168483,106.7713523850,185.206,29,RTK Fixed,9.15,1.1
2026-07-22T10:56:17.197400+00:00,10.8518145567,106.7713523117,184.39,30,RTK Fixed,9.074,1.2
2026-07-22T10:56:17.295387+00:00,10.8518122667,106.7713522150,184.171,31,RTK Fixed,8.837,1.3
2026-07-22T10:56:17.395811+00:00,10.8518098983,106.7713519917,184.584,31,RTK Fixed,8.84,1.4
2026-07-22T10:56:17.495663+00:00,10.8518076667,106.7713518367,184.06,31,RTK Fixed,9.051,1.5
2026-07-22T10:56:17.599305+00:00,10.8518053983,106.7713516900,184.617,31,RTK Fixed,9.022,0.6
2026-07-22T10:56:17.695622+00:00,10.8518032800,106.7713513917,184.814,31,RTK Fixed,8.978,0.7
2026-07-22T10:56:17.797203+00:00,10.8518009467,106.7713512767,185.025,30,RTK Fixed,8.723,0.8
2026-07-22T10:56:17.896913+00:00,10.8517986817,106.7713510667,185.381,31,RTK Fixed,9.212,0.9
2026-07-22T10:56:17.999592+00:00,10.8517964000,106.7713508667,184.773,30,RTK Fixed,9.266,1.0
2026-07-22T10:56:18.093306+00:00,10.8517941783,106.7713506417,185.675,30,RTK Fixed,9.125,1.1
2026-07-22T10:56:18.194335+00:00,10.8517919550,106.7713503750,185.985,31,RTK Fixed,8.786,1.2
2026-07-22T10:56:18.293196+00:00,10.8517897300,106.7713502017,186.118,30,RTK Fixed,9.014,1.3
2026-07-22T10:56:18.395085+00:00,10.8517874717,106.7713499883,186.632,30,RTK Fixed,8.99,1.4
2026-07-22T10:56:18.496302+00:00,10.8517852850,106.7713495633,186.842,31,RTK Fixed,9.022,1.5
2026-07-22T10:56:18.597125+00:00,10.8517831167,106.7713491850,186.054,31,RTK Fixed,8.917,0.6
2026-07-22T10:56:18.694664+00:00,10.8517808850,106.7713488833,185.97,30,RTK Fixed,9.117,0.7
2026-07-22T10:56:18.794401+00:00,10.8517785800,106.7713486117,186.006,31,RTK Fixed,8.976,0.8
2026-07-22T10:56:18.893978+00:00,10.8517762283,106.7713482933,186.302,30,RTK Fixed,9.071,0.9
2026-07-22T10:56:19.001444+00:00,10.8517739483,106.7713480300,185.925,30,RTK Fixed,9.418,1.0
2026-07-22T10:56:19.091201+00:00,10.8517715683,106.7713477217,186.18,31,RTK Fixed,9.216,1.1
2026-07-22T10:56:19.193462+00:00,10.8517692533,106.7713474533,186.122,30,RTK Fixed,9.394,1.2
2026-07-22T10:56:19.292945+00:00,10.8517668917,106.7713471633,186.183,31,RTK Fixed,9.178,1.3
2026-07-22T10:56:19.394753+00:00,10.8517644667,106.7713469150,186.958,30,RTK Fixed,9.294,1.4
2026-07-22T10:56:19.490766+00:00,10.8517620433,106.7713466133,186.724,30,RTK Fixed,9.377,1.5
2026-07-22T10:56:19.593137+00:00,10.8517596883,106.7713463300,186.91,29,RTK Fixed,9.455,0.6
2026-07-22T10:56:19.691636+00:00,10.8517572867,106.7713458617,186.806,31,RTK Fixed,9.492,0.7
2026-07-22T10:56:19.795339+00:00,10.8517549333,106.7713454417,186.916,31,RTK Fixed,9.507,0.8
2026-07-22T10:56:19.890260+00:00,10.8517524933,106.7713450983,186.655,30,RTK Fixed,9.505,0.9
2026-07-22T10:56:20.000332+00:00,10.8517500350,106.7713447200,186.546,30,RTK Fixed,9.414,1.0
2026-07-22T10:56:20.090554+00:00,10.8517477050,106.7713443967,185.854,29,RTK Fixed,9.604,1.1
2026-07-22T10:56:20.194138+00:00,10.8517454383,106.7713440483,186.344,32,RTK Fixed,9.58,1.2
2026-07-22T10:56:20.292087+00:00,10.8517429200,106.7713436800,186.34,30,RTK Fixed,9.349,1.3
2026-07-22T10:56:20.392285+00:00,10.8517405683,106.7713434933,186.214,31,RTK Fixed,10.018,1.4
2026-07-22T10:56:20.493030+00:00,10.8517380867,106.7713433517,186.6,30,RTK Fixed,9.643,1.5
2026-07-22T10:56:20.595716+00:00,10.8517356850,106.7713429883,187.115,30,RTK Fixed,10.098,0.6
2026-07-22T10:56:20.696129+00:00,10.8517331967,106.7713427167,186.072,31,RTK Fixed,9.576,0.7
2026-07-22T10:56:20.793048+00:00,10.8517307833,106.7713423617,186.567,31,RTK Fixed,9.774,0.8
2026-07-22T10:56:20.890718+00:00,10.8517284350,106.7713421833,186.166,30,RTK Fixed,9.411,0.9
2026-07-22T10:56:20.998044+00:00,10.8517260000,106.7713419217,186.641,31,RTK Fixed,9.465,1.0
2026-07-22T10:56:21.088717+00:00,10.8517235500,106.7713417833,186.726,31,RTK Fixed,9.641,1.1
2026-07-22T10:56:21.193246+00:00,10.8517212167,106.7713414800,186.955,31,RTK Fixed,9.777,1.2
2026-07-22T10:56:21.293730+00:00,10.8517187467,106.7713412300,186.689,31,RTK Fixed,9.501,1.3
2026-07-22T10:56:21.392494+00:00,10.8517163283,106.7713409417,186.851,31,RTK Fixed,9.752,1.4
2026-07-22T10:56:21.491773+00:00,10.8517138750,106.7713407700,186.99,31,RTK Fixed,9.581,1.5
2026-07-22T10:56:21.593388+00:00,10.8517114833,106.7713404850,186.563,31,RTK Fixed,9.675,0.6
2026-07-22T10:56:21.692313+00:00,10.8517090933,106.7713403250,186.89,32,RTK Fixed,9.502,0.7
2026-07-22T10:56:21.795312+00:00,10.8517067017,106.7713400950,186.58,31,RTK Fixed,9.918,0.8
2026-07-22T10:56:21.890696+00:00,10.8517043583,106.7713397367,187.158,29,RTK Fixed,9.661,0.9
2026-07-22T10:56:21.999943+00:00,10.8517020200,106.7713394767,186.929,31,RTK Fixed,9.463,1.0
2026-07-22T10:56:22.090233+00:00,10.8516996217,106.7713392317,187.054,30,RTK Fixed,9.623,1.1
2026-07-22T10:56:22.194348+00:00,10.8516971867,106.7713390600,186.798,30,RTK Fixed,9.549,1.2
2026-07-22T10:56:22.292653+00:00,10.8516947900,106.7713386417,187.126,31,RTK Fixed,9.796,1.3
2026-07-22T10:56:22.394187+00:00,10.8516924467,106.7713382850,187.498,32,RTK Fixed,9.482,1.4
2026-07-22T10:56:22.497179+00:00,10.8516901100,106.7713380750,187.221,32,RTK Fixed,9.417,1.5
2026-07-22T10:56:22.594552+00:00,10.8516877167,106.7713377533,187.594,31,RTK Fixed,9.412,0.6
2026-07-22T10:56:22.692198+00:00,10.8516853650,106.7713374317,187.032,31,RTK Fixed,9.457,0.7
2026-07-22T10:56:22.797061+00:00,10.8516831000,106.7713372217,187.466,31,RTK Fixed,9.704,0.8
2026-07-22T10:56:22.894073+00:00,10.8516808350,106.7713369100,187.291,32,RTK Fixed,9.375,0.9
2026-07-22T10:56:22.998579+00:00,10.8516784133,106.7713365483,187.457,31,RTK Fixed,9.446,1.0
2026-07-22T10:56:23.090798+00:00,10.8516759983,106.7713362200,187.573,32,RTK Fixed,9.41,1.1
2026-07-22T10:56:23.193001+00:00,10.8516735750,106.7713358533,187.709,31,RTK Fixed,9.873,1.2
2026-07-22T10:56:23.295208+00:00,10.8516711900,106.7713355150,187.625,32,RTK Fixed,9.371,1.3
2026-07-22T10:56:23.395387+00:00,10.8516688250,106.7713351233,188.128,31,RTK Fixed,9.702,1.4
2026-07-22T10:56:23.493843+00:00,10.8516663200,106.7713349150,187.239,32,RTK Fixed,9.274,1.5
2026-07-22T10:56:23.595136+00:00,10.8516641917,106.7713346650,187.859,31,RTK Fixed,9.889,0.6
2026-07-22T10:56:23.688603+00:00,10.8516617817,106.7713342333,187.586,30,RTK Fixed,9.323,0.7
2026-07-22T10:56:23.792044+00:00,10.8516594617,106.7713339950,187.09,31,RTK Fixed,9.635,0.8
2026-07-22T10:56:23.892777+00:00,10.8516570567,106.7713335567,187.013,31,RTK Fixed,9.274,0.9
2026-07-22T10:56:23.997323+00:00,10.8516547033,106.7713331517,186.785,30,RTK Fixed,9.532,1.0
2026-07-22T10:56:24.088698+00:00,10.8516525833,106.7713330550,185.965,32,RTK Fixed,9.17,1.1
2026-07-22T10:56:24.192796+00:00,10.8516502250,106.7713330217,186.02,31,RTK Fixed,9.029,1.2
2026-07-22T10:56:24.293021+00:00,10.8516478133,106.7713327000,185.499,32,RTK Fixed,9.192,1.3
2026-07-22T10:56:24.394401+00:00,10.8516454367,106.7713325283,185.119,31,RTK Fixed,9.274,1.4
2026-07-22T10:56:24.493454+00:00,10.8516431417,106.7713322683,185.538,31,RTK Fixed,9.336,1.5
2026-07-22T10:56:24.590825+00:00,10.8516407767,106.7713320117,185.132,31,RTK Fixed,8.986,0.6
2026-07-22T10:56:24.689384+00:00,10.8516384767,106.7713319217,185.415,31,RTK Fixed,9.377,0.7
2026-07-22T10:56:24.791100+00:00,10.8516361267,106.7713315917,186.273,31,RTK Fixed,9.166,0.8
2026-07-22T10:56:24.892796+00:00,10.8516338083,106.7713314433,185.811,30,RTK Fixed,9.504,0.9
2026-07-22T10:56:24.999288+00:00,10.8516315350,106.7713311583,186.531,31,RTK Fixed,8.95,1.0
2026-07-22T10:56:25.092229+00:00,10.8516292083,106.7713308583,186.134,32,RTK Fixed,8.992,1.1
2026-07-22T10:56:25.194362+00:00,10.8516269233,106.7713306033,186.215,32,RTK Fixed,9.56,1.2
2026-07-22T10:56:25.297118+00:00,10.8516246200,106.7713304467,186.031,33,RTK Fixed,9.36,1.3
2026-07-22T10:56:25.397394+00:00,10.8516224217,106.7713301550,186.596,32,RTK Fixed,9.156,1.4
2026-07-22T10:56:25.494601+00:00,10.8516201817,106.7713298233,186.779,31,RTK Fixed,8.938,1.5
2026-07-22T10:56:25.598591+00:00,10.8516179967,106.7713294917,186.708,32,RTK Fixed,8.983,0.6
2026-07-22T10:56:25.694309+00:00,10.8516157767,106.7713293883,185.955,31,RTK Fixed,8.959,0.7
2026-07-22T10:56:25.796772+00:00,10.8516134933,106.7713290300,186.176,32,RTK Fixed,8.687,0.8
2026-07-22T10:56:25.891004+00:00,10.8516113233,106.7713287450,186.337,31,RTK Fixed,8.779,0.9
2026-07-22T10:56:26.006708+00:00,10.8516091117,106.7713283833,186.352,32,RTK Fixed,8.681,1.0
2026-07-22T10:56:26.091051+00:00,10.8516069083,106.7713281917,186.25,33,RTK Fixed,9.059,1.1
2026-07-22T10:56:26.194809+00:00,10.8516047567,106.7713280183,186.383,30,RTK Fixed,8.948,1.2
2026-07-22T10:56:26.295124+00:00,10.8516026217,106.7713277467,186.865,31,RTK Fixed,8.633,1.3
2026-07-22T10:56:26.396804+00:00,10.8516003850,106.7713272900,186.203,32,RTK Fixed,8.42,1.4
2026-07-22T10:56:26.494384+00:00,10.8515981850,106.7713270483,186.721,32,RTK Fixed,8.887,1.5
2026-07-22T10:56:26.594047+00:00,10.8515961583,106.7713266383,187.346,30,RTK Fixed,8.706,0.6
2026-07-22T10:56:26.694735+00:00,10.8515940633,106.7713264400,187.288,29,RTK Fixed,8.367,0.7
2026-07-22T10:56:26.791391+00:00,10.8515918583,106.7713262083,187.091,28,RTK Fixed,8.425,0.8
2026-07-22T10:56:26.890986+00:00,10.8515898317,106.7713260317,186.901,31,RTK Fixed,8.579,0.9
2026-07-22T10:56:27.002436+00:00,10.8515876950,106.7713257400,187.857,30,RTK Fixed,8.289,1.0
2026-07-22T10:56:27.091099+00:00,10.8515856000,106.7713255367,187.504,30,RTK Fixed,8.702,1.1
2026-07-22T10:56:27.193452+00:00,10.8515834550,106.7713252300,187.164,31,RTK Fixed,8.517,1.2
2026-07-22T10:56:27.294617+00:00,10.8515812850,106.7713249367,186.791,32,RTK Fixed,8.658,1.3
2026-07-22T10:56:27.397197+00:00,10.8515792500,106.7713248167,186.63,31,RTK Fixed,8.606,1.4
2026-07-22T10:56:27.496478+00:00,10.8515770883,106.7713246267,186.852,32,RTK Fixed,7.849,1.5
2026-07-22T10:56:27.594496+00:00,10.8515750150,106.7713240817,188.121,33,RTK Fixed,8.521,1.6
2026-07-22T10:56:27.696713+00:00,10.8515729200,106.7713239150,186.971,31,RTK Fixed,8.226,0.7
2026-07-22T10:56:27.794149+00:00,10.8515707483,106.7713238317,187.762,32,RTK Fixed,8.493,0.8
2026-07-22T10:56:27.892996+00:00,10.8515686600,106.7713234933,187.951,32,RTK Fixed,8.685,0.9
2026-07-22T10:56:28.002121+00:00,10.8515666317,106.7713230333,187.224,32,RTK Fixed,8.426,1.0
2026-07-22T10:56:28.090186+00:00,10.8515645583,106.7713226850,187.779,31,RTK Fixed,8.254,1.1
2026-07-22T10:56:28.194659+00:00,10.8515625350,106.7713226233,188.02,32,RTK Fixed,8.138,1.2
2026-07-22T10:56:28.292133+00:00,10.8515604433,106.7713221683,188.25,31,RTK Fixed,8.27,1.3
2026-07-22T10:56:28.394830+00:00,10.8515583833,106.7713217133,186.828,31,RTK Fixed,8.342,1.4
2026-07-22T10:56:28.492593+00:00,10.8515563717,106.7713215617,187.769,30,RTK Fixed,8.395,1.5
2026-07-22T10:56:28.592853+00:00,10.8515543017,106.7713213117,187.67,31,RTK Fixed,8.043,1.6
2026-07-22T10:56:28.692259+00:00,10.8515522450,106.7713209783,187.985,32,RTK Fixed,8.314,0.7
2026-07-22T10:56:28.794065+00:00,10.8515502483,106.7713207933,187.973,31,RTK Fixed,8.263,0.8
2026-07-22T10:56:28.891714+00:00,10.8515481867,106.7713205617,188.148,29,RTK Fixed,7.988,0.9
2026-07-22T10:56:28.997763+00:00,10.8515462317,106.7713201900,188.137,29,RTK Fixed,8.204,1.0
2026-07-22T10:56:29.087977+00:00,10.8515442200,106.7713200450,187.472,29,RTK Fixed,7.828,1.1
2026-07-22T10:56:29.193289+00:00,10.8515422167,106.7713198350,187.276,28,RTK Fixed,8.176,1.2
2026-07-22T10:56:29.293273+00:00,10.8515401600,106.7713196217,186.697,31,RTK Fixed,7.907,1.3
2026-07-22T10:56:29.393864+00:00,10.8515381433,106.7713193450,186.207,30,RTK Fixed,8.044,1.4
2026-07-22T10:56:29.495111+00:00,10.8515361917,106.7713190117,185.501,28,RTK Fixed,8.009,1.5
2026-07-22T10:56:29.594980+00:00,10.8515341500,106.7713187600,185.072,30,RTK Fixed,8.069,1.6
2026-07-22T10:56:29.692754+00:00,10.8515321783,106.7713187183,184.285,29,RTK Fixed,8.208,0.7
2026-07-22T10:56:29.794251+00:00,10.8515302000,106.7713186917,184.073,29,RTK Fixed,7.932,0.8
2026-07-22T10:56:29.892443+00:00,10.8515281883,106.7713185550,183.833,29,RTK Fixed,7.894,0.9
2026-07-22T10:56:29.999506+00:00,10.8515261933,106.7713184983,182.773,29,RTK Fixed,8.099,1.0
2026-07-22T10:56:30.093178+00:00,10.8515241750,106.7713184150,182.923,30,RTK Fixed,7.979,1.1
2026-07-22T10:56:30.192877+00:00,10.8515222250,106.7713183983,181.53,29,RTK Fixed,7.956,1.2
2026-07-22T10:56:30.292946+00:00,10.8515202000,106.7713184400,181.34,28,RTK Fixed,7.764,1.3
2026-07-22T10:56:30.391695+00:00,10.8515182433,106.7713183717,180.442,28,RTK Fixed,7.963,1.4
2026-07-22T10:56:30.488411+00:00,10.8515162783,106.7713183050,179.619,29,RTK Fixed,7.582,1.5
2026-07-22T10:56:30.593124+00:00,10.8515143050,106.7713183283,178.868,28,RTK Fixed,7.903,1.6
2026-07-22T10:56:30.693304+00:00,10.8515123750,106.7713184633,178.228,29,RTK Fixed,7.801,0.7
2026-07-22T10:56:30.791275+00:00,10.8515104750,106.7713184900,177.496,29,RTK Fixed,7.484,0.8
2026-07-22T10:56:30.892621+00:00,10.8515085433,106.7713185833,177.069,30,RTK Fixed,7.527,0.9
2026-07-22T10:56:31.000117+00:00,10.8515066683,106.7713188417,176.307,29,RTK Fixed,7.587,1.0
2026-07-22T10:56:31.089192+00:00,10.8515048467,106.7713189817,176.111,31,RTK Fixed,7.418,1.1
2026-07-22T10:56:31.193290+00:00,10.8515029267,106.7713191433,175.262,32,RTK Fixed,7.237,1.2
2026-07-22T10:56:31.292611+00:00,10.8515010167,106.7713194000,174.968,31,RTK Fixed,7.585,1.3
2026-07-22T10:56:31.394681+00:00,10.8514991600,106.7713195383,174.303,30,RTK Fixed,7.866,1.4
2026-07-22T10:56:31.492455+00:00,10.8514973083,106.7713197017,173.613,29,RTK Fixed,7.487,1.5
2026-07-22T10:56:31.591498+00:00,10.8514953967,106.7713199633,172.997,29,RTK Fixed,7.23,1.6
2026-07-22T10:56:31.691533+00:00,10.8514936317,106.7713201200,172.364,30,RTK Fixed,7.512,0.7
2026-07-22T10:56:31.793970+00:00,10.8514918000,106.7713203533,171.962,29,RTK Fixed,7.169,0.8
2026-07-22T10:56:31.891843+00:00,10.8514899650,106.7713206950,170.856,30,RTK Fixed,7.227,0.9
2026-07-22T10:56:31.996410+00:00,10.8514881567,106.7713210150,169.783,30,RTK Fixed,7.288,1.0
2026-07-22T10:56:32.088654+00:00,10.8514864550,106.7713214333,168.699,29,RTK Fixed,7.251,1.1
2026-07-22T10:56:32.193374+00:00,10.8514847917,106.7713217717,167.792,30,RTK Fixed,7.058,1.2
2026-07-22T10:56:32.290769+00:00,10.8514830583,106.7713222800,166.835,32,RTK Fixed,6.775,1.3
2026-07-22T10:56:32.395602+00:00,10.8514813967,106.7713227700,165.542,31,RTK Fixed,6.98,1.4
2026-07-22T10:56:32.494597+00:00,10.8514797467,106.7713231983,164.593,30,RTK Fixed,6.912,1.5
2026-07-22T10:56:32.594622+00:00,10.8514781267,106.7713236483,163.488,30,RTK Fixed,6.74,1.6
2026-07-22T10:56:32.692473+00:00,10.8514765650,106.7713240900,162.592,30,RTK Fixed,6.568,0.7
2026-07-22T10:56:32.792456+00:00,10.8514749967,106.7713246600,161.834,31,RTK Fixed,6.494,0.8
2026-07-22T10:56:32.890970+00:00,10.8514734700,106.7713252417,160.889,29,RTK Fixed,6.671,0.9
2026-07-22T10:56:32.998789+00:00,10.8514719800,106.7713257867,160.002,30,RTK Fixed,6.582,1.0
2026-07-22T10:56:33.091181+00:00,10.8514705200,106.7713263950,158.82,30,RTK Fixed,6.249,1.1
2026-07-22T10:56:33.190135+00:00,10.8514690617,106.7713270250,157.861,30,RTK Fixed,6.167,1.2
2026-07-22T10:56:33.291757+00:00,10.8514675617,106.7713276483,156.673,31,RTK Fixed,6.416,1.3
2026-07-22T10:56:33.394777+00:00,10.8514661867,106.7713282983,155.752,31,RTK Fixed,6.264,1.4
2026-07-22T10:56:33.493524+00:00,10.8514648567,106.7713290083,154.553,32,RTK Fixed,6.064,1.5
2026-07-22T10:56:33.593443+00:00,10.8514635167,106.7713297800,153.631,32,RTK Fixed,5.92,1.6
2026-07-22T10:56:33.693814+00:00,10.8514621867,106.7713305567,152.423,30,RTK Fixed,6.139,0.7
2026-07-22T10:56:33.794514+00:00,10.8514608733,106.7713312867,151.345,30,RTK Fixed,6.05,0.8
2026-07-22T10:56:33.892833+00:00,10.8514595533,106.7713320433,150.052,30,RTK Fixed,5.926,0.9
2026-07-22T10:56:34.001120+00:00,10.8514583183,106.7713328483,149.002,31,RTK Fixed,6.003,1.0
2026-07-22T10:56:34.090920+00:00,10.8514570633,106.7713336517,147.596,30,RTK Fixed,5.839,1.1
2026-07-22T10:56:34.192466+00:00,10.8514557933,106.7713344667,146.412,30,RTK Fixed,5.836,1.2
2026-07-22T10:56:34.290162+00:00,10.8514546017,106.7713352600,145.133,30,RTK Fixed,5.925,1.3
2026-07-22T10:56:34.395221+00:00,10.8514534200,106.7713361767,143.625,30,RTK Fixed,5.716,1.4
2026-07-22T10:56:34.493529+00:00,10.8514522767,106.7713370733,142.171,31,RTK Fixed,5.858,1.5
2026-07-22T10:56:34.591688+00:00,10.8514510833,106.7713380667,140.824,31,RTK Fixed,5.735,1.6
2026-07-22T10:56:34.693216+00:00,10.8514499333,106.7713390517,139.025,30,RTK Fixed,6.153,0.7
2026-07-22T10:56:34.794503+00:00,10.8514488667,106.7713400667,137.864,30,RTK Fixed,5.977,0.8
2026-07-22T10:56:34.893794+00:00,10.8514478800,106.7713411400,136.228,31,RTK Fixed,5.885,0.9
2026-07-22T10:56:34.996651+00:00,10.8514468450,106.7713422267,134.576,31,RTK Fixed,5.8,1.0
2026-07-22T10:56:35.092347+00:00,10.8514458400,106.7713433483,133.141,31,RTK Fixed,5.908,1.1
2026-07-22T10:56:35.194010+00:00,10.8514449317,106.7713445617,131.452,31,RTK Fixed,6.052,1.2
2026-07-22T10:56:35.291257+00:00,10.8514440067,106.7713457067,129.978,31,RTK Fixed,5.944,1.3
2026-07-22T10:56:35.393317+00:00,10.8514431050,106.7713469433,128.347,31,RTK Fixed,5.803,1.4
2026-07-22T10:56:35.492988+00:00,10.8514421733,106.7713481867,126.77,31,RTK Fixed,6.098,1.5
2026-07-22T10:56:35.592318+00:00,10.8514412950,106.7713494367,124.938,31,RTK Fixed,6.141,1.6
2026-07-22T10:56:35.694750+00:00,10.8514404083,106.7713507600,123.242,32,RTK Fixed,6.098,0.7
2026-07-22T10:56:35.794399+00:00,10.8514397250,106.7713521150,121.562,31,RTK Fixed,6.278,0.8
2026-07-22T10:56:35.893776+00:00,10.8514389683,106.7713535333,119.833,31,RTK Fixed,5.998,0.9
2026-07-22T10:56:35.997549+00:00,10.8514382383,106.7713549333,118.15,31,RTK Fixed,6.386,1.0
2026-07-22T10:56:36.090929+00:00,10.8514375883,106.7713563850,116.361,31,RTK Fixed,6.275,1.1
2026-07-22T10:56:36.192878+00:00,10.8514369200,106.7713578567,114.9,31,RTK Fixed,6.34,1.2
2026-07-22T10:56:36.292404+00:00,10.8514362850,106.7713593517,113.217,31,RTK Fixed,6.35,1.3
2026-07-22T10:56:36.394924+00:00,10.8514357633,106.7713609150,111.421,31,RTK Fixed,6.483,1.4
2026-07-22T10:56:36.491293+00:00,10.8514352533,106.7713624267,110.111,31,RTK Fixed,6.51,1.5
2026-07-22T10:56:36.590579+00:00,10.8514348300,106.7713639750,108.787,31,RTK Fixed,6.331,1.6
2026-07-22T10:56:36.691373+00:00,10.8514343550,106.7713655000,107.741,31,RTK Fixed,6.405,0.7
2026-07-22T10:56:36.794781+00:00,10.8514338850,106.7713671767,106.633,31,RTK Fixed,6.287,0.8
2026-07-22T10:56:36.893595+00:00,10.8514334100,106.7713688000,105.744,31,RTK Fixed,6.895,0.9
2026-07-22T10:56:37.002402+00:00,10.8514329817,106.7713704050,105.102,32,RTK Fixed,6.747,1.0
2026-07-22T10:56:37.091504+00:00,10.8514326033,106.7713720750,104.115,32,RTK Fixed,6.633,1.1
2026-07-22T10:56:37.193949+00:00,10.8514321983,106.7713737683,103.285,32,RTK Fixed,6.754,1.2
2026-07-22T10:56:37.295817+00:00,10.8514318467,106.7713754317,102.599,32,RTK Fixed,6.963,1.3
2026-07-22T10:56:37.392591+00:00,10.8514315350,106.7713771733,101.861,32,RTK Fixed,6.798,1.4
2026-07-22T10:56:37.489376+00:00,10.8514312683,106.7713789167,101.339,32,RTK Fixed,7.039,1.5
2026-07-22T10:56:37.594556+00:00,10.8514309083,106.7713807050,100.731,32,RTK Fixed,6.984,1.6
2026-07-22T10:56:37.693089+00:00,10.8514305250,106.7713823817,100.127,32,RTK Fixed,7.336,0.7
2026-07-22T10:56:37.794057+00:00,10.8514302183,106.7713841417,99.499,32,RTK Fixed,6.929,0.8
2026-07-22T10:56:37.892728+00:00,10.8514298533,106.7713858683,99.233,32,RTK Fixed,6.946,0.9
2026-07-22T10:56:37.997701+00:00,10.8514295550,106.7713876333,98.736,32,RTK Fixed,6.914,1.0
2026-07-22T10:56:38.093314+00:00,10.8514294133,106.7713894133,98.16,33,RTK Fixed,7.075,1.1
2026-07-22T10:56:38.194413+00:00,10.8514292183,106.7713911817,98.145,33,RTK Fixed,7.062,1.2
2026-07-22T10:56:38.291946+00:00,10.8514289133,106.7713929667,98.025,33,RTK Fixed,7.064,1.3
2026-07-22T10:56:38.394254+00:00,10.8514286800,106.7713948167,97.884,33,RTK Fixed,7.195,1.4
2026-07-22T10:56:38.491736+00:00,10.8514284450,106.7713966133,97.659,33,RTK Fixed,7.363,1.5
2026-07-22T10:56:38.591507+00:00,10.8514281700,106.7713984250,97.635,33,RTK Fixed,7.109,1.6
2026-07-22T10:56:38.691354+00:00,10.8514279500,106.7714002667,97.597,33,RTK Fixed,7.192,0.7
2026-07-22T10:56:38.795023+00:00,10.8514276633,106.7714021450,97.784,33,RTK Fixed,7.307,0.8
2026-07-22T10:56:38.892789+00:00,10.8514274333,106.7714040017,97.513,32,RTK Fixed,7.62,0.9
2026-07-22T10:56:38.998318+00:00,10.8514271833,106.7714058617,97.888,32,RTK Fixed,7.47,1.0
2026-07-22T10:56:39.092407+00:00,10.8514269783,106.7714077700,97.772,32,RTK Fixed,7.392,1.1
2026-07-22T10:56:39.193254+00:00,10.8514266967,106.7714096933,98.171,32,RTK Fixed,7.565,1.2
2026-07-22T10:56:39.292638+00:00,10.8514264400,106.7714115883,98.312,32,RTK Fixed,7.608,1.3
2026-07-22T10:56:39.394275+00:00,10.8514262000,106.7714134633,98.635,32,RTK Fixed,7.558,1.4
2026-07-22T10:56:39.490752+00:00,10.8514258700,106.7714153050,99.021,31,RTK Fixed,7.482,1.5
2026-07-22T10:56:39.593067+00:00,10.8514255200,106.7714172633,99.267,31,RTK Fixed,7.417,1.6
2026-07-22T10:56:39.691797+00:00,10.8514252117,106.7714191767,99.472,32,RTK Fixed,7.927,0.7
2026-07-22T10:56:39.792851+00:00,10.8514248283,106.7714211350,99.716,31,RTK Fixed,7.638,0.8
2026-07-22T10:56:39.893142+00:00,10.8514244817,106.7714230733,100.089,32,RTK Fixed,7.893,0.9
2026-07-22T10:56:40.001642+00:00,10.8514241217,106.7714249983,100.239,32,RTK Fixed,7.734,1.0
2026-07-22T10:56:40.088130+00:00,10.8514237800,106.7714269183,100.564,32,RTK Fixed,7.837,1.1
2026-07-22T10:56:40.190379+00:00,10.8514234150,106.7714288833,100.844,31,RTK Fixed,7.618,1.2
2026-07-22T10:56:40.291690+00:00,10.8514230600,106.7714308100,100.767,32,RTK Fixed,7.922,1.3
2026-07-22T10:56:40.392652+00:00,10.8514227017,106.7714328000,100.992,32,RTK Fixed,7.821,1.4
2026-07-22T10:56:40.490950+00:00,10.8514223617,106.7714347333,101.178,31,RTK Fixed,8.064,1.5
2026-07-22T10:56:40.591471+00:00,10.8514219350,106.7714367717,101.496,31,RTK Fixed,7.692,1.6
2026-07-22T10:56:40.691699+00:00,10.8514216067,106.7714388017,101.264,31,RTK Fixed,8.257,0.7
2026-07-22T10:56:40.792980+00:00,10.8514211750,106.7714408083,101.555,31,RTK Fixed,8.048,0.8
2026-07-22T10:56:40.891942+00:00,10.8514206783,106.7714428450,101.939,32,RTK Fixed,8.241,0.9
2026-07-22T10:56:40.992257+00:00,10.8514202250,106.7714449033,102.026,32,RTK Fixed,8.311,1.0
2026-07-22T10:56:41.091392+00:00,10.8514197967,106.7714469333,102.274,31,RTK Fixed,8.384,1.1
2026-07-22T10:56:41.192209+00:00,10.8514193417,106.7714490033,102.489,31,RTK Fixed,8.194,1.2
2026-07-22T10:56:41.291629+00:00,10.8514189150,106.7714510350,102.676,32,RTK Fixed,8.314,1.3
2026-07-22T10:56:41.390806+00:00,10.8514184133,106.7714531317,102.999,30,RTK Fixed,8.214,1.4
2026-07-22T10:56:41.493807+00:00,10.8514178500,106.7714551883,103.444,31,RTK Fixed,8.47,1.5
2026-07-22T10:56:41.601620+00:00,10.8514173383,106.7714572600,103.327,31,RTK Fixed,8.412,1.6
2026-07-22T10:56:41.688781+00:00,10.8514168133,106.7714593300,103.814,31,RTK Fixed,8.404,0.7
2026-07-22T10:56:41.792056+00:00,10.8514162633,106.7714613633,103.726,30,RTK Fixed,8.453,0.8
2026-07-22T10:56:41.893340+00:00,10.8514156500,106.7714634200,104.278,31,RTK Fixed,8.326,0.9
2026-07-22T10:56:41.997116+00:00,10.8514150983,106.7714655217,104.022,31,RTK Fixed,8.526,1.0
2026-07-22T10:56:42.091614+00:00,10.8514145817,106.7714675950,104.422,32,RTK Fixed,8.631,1.1
2026-07-22T10:56:42.196687+00:00,10.8514140433,106.7714697000,104.143,31,RTK Fixed,8.468,0.2
2026-07-22T10:56:42.293281+00:00,10.8514135667,106.7714718217,104.151,31,RTK Fixed,8.564,0.3
2026-07-22T10:56:42.394862+00:00,10.8514130217,106.7714738767,104.468,32,RTK Fixed,8.663,0.4
2026-07-22T10:56:42.492504+00:00,10.8514126000,106.7714760100,103.965,31,RTK Fixed,8.417,0.5
2026-07-22T10:56:42.593092+00:00,10.8514120467,106.7714781300,104.418,31,RTK Fixed,8.537,0.6
2026-07-22T10:56:42.691661+00:00,10.8514114467,106.7714801867,104.675,32,RTK Fixed,8.621,0.7
2026-07-22T10:56:42.793798+00:00,10.8514110650,106.7714824317,104.331,32,RTK Fixed,8.395,0.8
2026-07-22T10:56:42.892344+00:00,10.8514105900,106.7714845783,104.993,32,RTK Fixed,8.937,0.9
2026-07-22T10:56:43.000153+00:00,10.8514101117,106.7714867267,105.387,31,RTK Fixed,8.675,1.0
2026-07-22T10:56:43.093284+00:00,10.8514096467,106.7714888683,105.606,32,RTK Fixed,8.798,1.1
2026-07-22T10:56:43.192058+00:00,10.8514091433,106.7714909183,106.558,31,RTK Fixed,8.537,1.2
2026-07-22T10:56:43.293367+00:00,10.8514085900,106.7714930000,106.72,31,RTK Fixed,8.353,0.3
2026-07-22T10:56:43.393971+00:00,10.8514077567,106.7714950750,107.361,31,RTK Fixed,8.468,0.4
2026-07-22T10:56:43.488077+00:00,10.8514069450,106.7714970967,107.108,30,RTK Fixed,8.84,0.5
2026-07-22T10:56:43.590384+00:00,10.8514062100,106.7714991283,107.304,30,RTK Fixed,8.682,0.6
2026-07-22T10:56:43.690143+00:00,10.8514053167,106.7715010800,107.575,30,RTK Fixed,8.509,0.7
2026-07-22T10:56:43.789489+00:00,10.8514045200,106.7715031117,107.232,31,RTK Fixed,8.451,0.8
2026-07-22T10:56:43.888282+00:00,10.8514037383,106.7715051800,106.954,31,RTK Fixed,8.609,0.9
2026-07-22T10:56:43.994426+00:00,10.8514030017,106.7715072400,106.778,30,RTK Fixed,8.809,1.0
2026-07-22T10:56:44.091533+00:00,10.8514023733,106.7715093150,106.327,30,RTK Fixed,8.613,1.1
2026-07-22T10:56:44.191030+00:00,10.8514017150,106.7715113733,106.379,32,RTK Fixed,8.64,1.2
2026-07-22T10:56:44.292964+00:00,10.8514010967,106.7715134367,106.018,30,RTK Fixed,8.587,0.3
2026-07-22T10:56:44.393648+00:00,10.8514005350,106.7715155517,105.829,30,RTK Fixed,8.397,0.4
2026-07-22T10:56:44.492747+00:00,10.8513999733,106.7715176333,105.602,31,RTK Fixed,8.705,0.5
2026-07-22T10:56:44.592922+00:00,10.8513993967,106.7715196883,105.306,30,RTK Fixed,8.489,0.6
2026-07-22T10:56:44.687291+00:00,10.8513988867,106.7715217433,104.819,29,RTK Fixed,8.458,0.7
2026-07-22T10:56:44.792549+00:00,10.8513983617,106.7715237500,104.664,29,RTK Fixed,8.381,0.8
2026-07-22T10:56:44.889138+00:00,10.8513978100,106.7715258017,104.455,29,RTK Fixed,8.061,0.9
2026-07-22T10:56:44.997880+00:00,10.8513973450,106.7715278933,104.052,30,RTK Fixed,8.32,1.0
2026-07-22T10:56:45.091070+00:00,10.8513968267,106.7715299567,104.181,30,RTK Fixed,8.494,1.1
2026-07-22T10:56:45.192810+00:00,10.8513962183,106.7715319967,103.992,31,RTK Fixed,8.424,1.2
2026-07-22T10:56:45.292718+00:00,10.8513957117,106.7715339517,103.984,30,RTK Fixed,8.312,0.3
2026-07-22T10:56:45.392194+00:00,10.8513953067,106.7715359717,103.909,31,RTK Fixed,8.113,0.4
2026-07-22T10:56:45.492239+00:00,10.8513947817,106.7715380117,104.431,30,RTK Fixed,8.064,0.5
2026-07-22T10:56:45.591600+00:00,10.8513943217,106.7715400800,104.11,30,RTK Fixed,8.198,0.6
2026-07-22T10:56:45.691775+00:00,10.8513939067,106.7715421283,104.503,29,RTK Fixed,8.383,0.7
2026-07-22T10:56:45.792676+00:00,10.8513934533,106.7715440867,104.539,30,RTK Fixed,8.204,0.8
2026-07-22T10:56:45.888605+00:00,10.8513928700,106.7715460500,104.882,29,RTK Fixed,7.891,0.9
2026-07-22T10:56:45.998151+00:00,10.8513923283,106.7715480117,105.203,29,RTK Fixed,7.99,1.0
2026-07-22T10:56:46.088517+00:00,10.8513918050,106.7715500500,105.176,30,RTK Fixed,8.048,1.1
2026-07-22T10:56:46.192520+00:00,10.8513912250,106.7715520317,105.27,30,RTK Fixed,8.301,1.2
2026-07-22T10:56:46.288203+00:00,10.8513906967,106.7715539800,105.231,30,RTK Fixed,8.145,0.3
2026-07-22T10:56:46.392717+00:00,10.8513901133,106.7715559033,105.335,31,RTK Fixed,7.923,0.4
2026-07-22T10:56:46.492240+00:00,10.8513895667,106.7715578300,104.972,31,RTK Fixed,7.868,0.5
2026-07-22T10:56:46.592833+00:00,10.8513890367,106.7715597967,104.96,32,RTK Fixed,7.91,0.6
2026-07-22T10:56:46.692593+00:00,10.8513884667,106.7715617483,105.192,31,RTK Fixed,8.036,0.7
2026-07-22T10:56:46.793392+00:00,10.8513878867,106.7715637417,104.771,31,RTK Fixed,8.138,0.8
2026-07-22T10:56:46.892307+00:00,10.8513873700,106.7715656917,104.55,31,RTK Fixed,8.243,0.9
2026-07-22T10:56:46.997715+00:00,10.8513868500,106.7715676683,104.743,31,RTK Fixed,7.916,1.0
2026-07-22T10:56:47.091096+00:00,10.8513863233,106.7715695983,104.81,31,RTK Fixed,8.084,1.1
2026-07-22T10:56:47.192063+00:00,10.8513857917,106.7715716733,105.218,31,RTK Fixed,7.779,1.2
2026-07-22T10:56:47.292687+00:00,10.8513853867,106.7715737633,105.009,31,RTK Fixed,8.447,0.3
2026-07-22T10:56:47.393921+00:00,10.8513847800,106.7715757283,105.349,31,RTK Fixed,8.319,0.4
2026-07-22T10:56:47.491980+00:00,10.8513842800,106.7715777283,105.385,31,RTK Fixed,8.062,0.5
2026-07-22T10:56:47.592240+00:00,10.8513837567,106.7715797517,105.582,31,RTK Fixed,8.042,0.6
2026-07-22T10:56:47.691513+00:00,10.8513831450,106.7715817350,105.816,31,RTK Fixed,8.21,0.7
2026-07-22T10:56:47.793110+00:00,10.8513826150,106.7715837400,105.558,31,RTK Fixed,8.283,0.8
2026-07-22T10:56:47.892522+00:00,10.8513820333,106.7715857433,105.795,31,RTK Fixed,8.315,0.9
2026-07-22T10:56:47.998595+00:00,10.8513814700,106.7715877067,105.894,30,RTK Fixed,8.161,1.0
2026-07-22T10:56:48.091206+00:00,10.8513810533,106.7715896567,105.489,30,RTK Fixed,8.013,1.1
2026-07-22T10:56:48.192754+00:00,10.8513804733,106.7715917167,105.662,30,RTK Fixed,7.838,1.2
2026-07-22T10:56:48.290092+00:00,10.8513797800,106.7715937200,105.703,30,RTK Fixed,8.435,0.3
2026-07-22T10:56:48.394512+00:00,10.8513792750,106.7715956400,105.098,30,RTK Fixed,8.385,0.4
2026-07-22T10:56:48.493110+00:00,10.8513787400,106.7715975983,105.21,30,RTK Fixed,7.892,0.5
2026-07-22T10:56:48.593890+00:00,10.8513781850,106.7715995983,104.967,31,RTK Fixed,8.001,0.6
2026-07-22T10:56:48.694456+00:00,10.8513776317,106.7716015533,104.927,31,RTK Fixed,8.094,0.7
2026-07-22T10:56:48.794199+00:00,10.8513770717,106.7716035900,104.798,32,RTK Fixed,8.041,0.8
2026-07-22T10:56:48.890206+00:00,10.8513765417,106.7716055667,104.789,32,RTK Fixed,8.353,0.9
2026-07-22T10:56:48.999866+00:00,10.8513760150,106.7716076133,104.636,31,RTK Fixed,8.007,1.0
2026-07-22T10:56:49.089489+00:00,10.8513755067,106.7716096017,104.83,31,RTK Fixed,8.405,1.1
2026-07-22T10:56:49.191549+00:00,10.8513749383,106.7716116000,104.953,30,RTK Fixed,8.147,1.2
2026-07-22T10:56:49.291170+00:00,10.8513743667,106.7716136017,105.06,31,RTK Fixed,8.288,0.3
2026-07-22T10:56:49.392122+00:00,10.8513738433,106.7716155850,104.976,30,RTK Fixed,8.094,0.4
2026-07-22T10:56:49.491855+00:00,10.8513732267,106.7716175850,105.296,31,RTK Fixed,8.131,0.5
2026-07-22T10:56:49.590447+00:00,10.8513726317,106.7716196300,105.08,31,RTK Fixed,8.093,0.6
2026-07-22T10:56:49.691561+00:00,10.8513721233,106.7716216200,105.215,31,RTK Fixed,8.481,0.7
2026-07-22T10:56:49.793371+00:00,10.8513715783,106.7716235967,104.994,31,RTK Fixed,8.08,0.8
2026-07-22T10:56:49.891830+00:00,10.8513710033,106.7716255933,105.152,31,RTK Fixed,8.034,0.9
2026-07-22T10:56:49.995757+00:00,10.8513703833,106.7716276367,105.383,31,RTK Fixed,8.144,1.0
2026-07-22T10:56:50.090108+00:00,10.8513698983,106.7716297083,105.306,31,RTK Fixed,8.493,1.1
2026-07-22T10:56:50.191728+00:00,10.8513693967,106.7716316917,105.227,31,RTK Fixed,8.477,1.2
2026-07-22T10:56:50.289140+00:00,10.8513688567,106.7716336133,105.389,31,RTK Fixed,8.026,0.3
2026-07-22T10:56:50.393251+00:00,10.8513682667,106.7716355833,105.573,31,RTK Fixed,7.903,0.4
2026-07-22T10:56:50.491366+00:00,10.8513676817,106.7716376867,105.239,31,RTK Fixed,8.057,0.5
2026-07-22T10:56:50.592335+00:00,10.8513671033,106.7716397200,105.223,30,RTK Fixed,8.655,0.6
2026-07-22T10:56:50.693057+00:00,10.8513665617,106.7716416967,105.019,30,RTK Fixed,8.317,0.7
2026-07-22T10:56:50.793529+00:00,10.8513660417,106.7716436750,105.447,30,RTK Fixed,8.117,0.8
2026-07-22T10:56:50.892625+00:00,10.8513654917,106.7716457567,104.943,30,RTK Fixed,8.023,0.9
2026-07-22T10:56:50.997127+00:00,10.8513649867,106.7716478550,104.703,30,RTK Fixed,8.363,1.0
2026-07-22T10:56:51.091639+00:00,10.8513645017,106.7716498917,104.766,31,RTK Fixed,8.542,1.1
2026-07-22T10:56:51.192262+00:00,10.8513640083,106.7716518550,104.709,30,RTK Fixed,8.237,1.2
2026-07-22T10:56:51.289282+00:00,10.8513634600,106.7716537917,104.747,30,RTK Fixed,7.973,0.3
2026-07-22T10:56:51.392607+00:00,10.8513630150,106.7716558917,104.483,30,RTK Fixed,7.924,0.4
2026-07-22T10:56:51.491670+00:00,10.8513624850,106.7716579683,104.94,30,RTK Fixed,8.562,0.5
2026-07-22T10:56:51.592804+00:00,10.8513619750,106.7716600183,104.811,30,RTK Fixed,8.566,0.6
2026-07-22T10:56:51.692152+00:00,10.8513614300,106.7716619917,105.139,30,RTK Fixed,8.377,0.7
2026-07-22T10:56:51.793767+00:00,10.8513608717,106.7716639550,105.054,30,RTK Fixed,8.145,0.8
2026-07-22T10:56:51.893111+00:00,10.8513602850,106.7716659950,105.31,30,RTK Fixed,8.047,0.9
2026-07-22T10:56:52.000320+00:00,10.8513598217,106.7716680783,105.111,30,RTK Fixed,8.345,1.0
2026-07-22T10:56:52.091640+00:00,10.8513593317,106.7716701667,105.173,30,RTK Fixed,8.32,1.1
2026-07-22T10:56:52.190317+00:00,10.8513588417,106.7716721433,105.425,31,RTK Fixed,8.462,1.2
2026-07-22T10:56:52.289781+00:00,10.8513582650,106.7716741133,105.391,31,RTK Fixed,8.08,0.3
2026-07-22T10:56:52.392092+00:00,10.8513575983,106.7716761817,105.677,31,RTK Fixed,7.98,0.4
2026-07-22T10:56:52.490289+00:00,10.8513569883,106.7716782550,105.322,30,RTK Fixed,8.522,0.5
2026-07-22T10:56:52.592240+00:00,10.8513565267,106.7716803600,105.096,30,RTK Fixed,8.529,0.6
2026-07-22T10:56:52.691845+00:00,10.8513559533,106.7716823683,105.204,30,RTK Fixed,8.558,0.7
2026-07-22T10:56:52.792943+00:00,10.8513554050,106.7716843550,104.965,30,RTK Fixed,8.174,0.8
2026-07-22T10:56:52.891353+00:00,10.8513548767,106.7716863983,104.526,30,RTK Fixed,8.171,0.9
2026-07-22T10:56:52.996009+00:00,10.8513543350,106.7716885133,104.375,30,RTK Fixed,8.29,1.0
2026-07-22T10:56:53.090140+00:00,10.8513538150,106.7716905550,104.438,31,RTK Fixed,8.706,1.1
2026-07-22T10:56:53.193025+00:00,10.8513533817,106.7716925150,103.914,31,RTK Fixed,8.276,1.2
2026-07-22T10:56:53.291154+00:00,10.8513528933,106.7716945883,103.846,31,RTK Fixed,7.854,0.3
2026-07-22T10:56:53.393112+00:00,10.8513523883,106.7716966800,103.699,31,RTK Fixed,8.324,0.4
2026-07-22T10:56:53.490217+00:00,10.8513518283,106.7716987883,103.725,31,RTK Fixed,8.53,0.5
2026-07-22T10:56:53.592062+00:00,10.8513513583,106.7717007850,103.806,31,RTK Fixed,8.71,0.6
2026-07-22T10:56:53.692262+00:00,10.8513509600,106.7717027883,103.833,31,RTK Fixed,8.053,0.7
2026-07-22T10:56:53.793331+00:00,10.8513505000,106.7717048633,104.138,30,RTK Fixed,7.958,0.8
2026-07-22T10:56:53.891991+00:00,10.8513499867,106.7717069633,104.228,30,RTK Fixed,8.339,0.9
2026-07-22T10:56:53.997204+00:00,10.8513494883,106.7717090250,104.76,30,RTK Fixed,8.7,1.0
2026-07-22T10:56:54.090965+00:00,10.8513490033,106.7717110317,104.751,30,RTK Fixed,8.401,1.1
2026-07-22T10:56:54.192113+00:00,10.8513483817,106.7717129983,105.409,30,RTK Fixed,8.126,1.2
2026-07-22T10:56:54.292187+00:00,10.8513478217,106.7717150783,105.352,30,RTK Fixed,8.115,0.3
2026-07-22T10:56:54.391072+00:00,10.8513472400,106.7717171350,106.108,30,RTK Fixed,8.539,0.4
2026-07-22T10:56:54.489108+00:00,10.8513466367,106.7717191450,106.064,30,RTK Fixed,8.57,0.5
2026-07-22T10:56:54.592978+00:00,10.8513459983,106.7717211350,106.156,30,RTK Fixed,8.219,0.6
2026-07-22T10:56:54.687647+00:00,10.8513452633,106.7717231350,106.254,30,RTK Fixed,8.119,0.7
2026-07-22T10:56:54.793475+00:00,10.8513446450,106.7717251217,106.271,30,RTK Fixed,8.304,0.8
2026-07-22T10:56:54.890762+00:00,10.8513441400,106.7717272167,106.2,30,RTK Fixed,8.288,0.9
2026-07-22T10:56:54.998616+00:00,10.8513435817,106.7717291917,106.175,30,RTK Fixed,8.446,1.0
2026-07-22T10:56:55.091661+00:00,10.8513428867,106.7717311917,106.388,31,RTK Fixed,8.163,1.1
2026-07-22T10:56:55.191937+00:00,10.8513422550,106.7717332300,105.979,31,RTK Fixed,8.445,1.2
2026-07-22T10:56:55.292169+00:00,10.8513417000,106.7717352767,105.913,31,RTK Fixed,8.453,0.3
2026-07-22T10:56:55.392787+00:00,10.8513410600,106.7717372883,105.691,31,RTK Fixed,8.31,0.4
2026-07-22T10:56:55.492031+00:00,10.8513404083,106.7717393017,105.84,31,RTK Fixed,8.271,0.5
2026-07-22T10:56:55.593201+00:00,10.8513399667,106.7717414367,105.644,31,RTK Fixed,8.399,0.6
2026-07-22T10:56:55.689797+00:00,10.8513394650,106.7717435217,105.762,31,RTK Fixed,8.613,0.7
2026-07-22T10:56:55.793338+00:00,10.8513388700,106.7717455567,106.046,31,RTK Fixed,8.444,0.8
2026-07-22T10:56:55.892005+00:00,10.8513383550,106.7717475617,105.954,31,RTK Fixed,8.461,0.9
2026-07-22T10:56:55.994971+00:00,10.8513377967,106.7717495533,106.165,31,RTK Fixed,8.095,1.0
2026-07-22T10:56:56.088811+00:00,10.8513373250,106.7717516167,106.097,30,RTK Fixed,8.332,1.1
2026-07-22T10:56:56.192325+00:00,10.8513366850,106.7717536817,106.227,31,RTK Fixed,8.294,1.2
2026-07-22T10:56:56.289448+00:00,10.8513360850,106.7717557283,105.919,31,RTK Fixed,8.567,0.3
2026-07-22T10:56:56.390742+00:00,10.8513355867,106.7717578667,105.764,31,RTK Fixed,8.505,0.4
2026-07-22T10:56:56.490582+00:00,10.8513350367,106.7717599150,105.832,31,RTK Fixed,8.695,0.5
2026-07-22T10:56:56.590548+00:00,10.8513345133,106.7717619517,105.446,31,RTK Fixed,8.32,0.6
2026-07-22T10:56:56.690847+00:00,10.8513339983,106.7717640517,105.241,31,RTK Fixed,8.32,0.7
2026-07-22T10:56:56.793732+00:00,10.8513333733,106.7717661833,104.95,31,RTK Fixed,8.485,0.8
2026-07-22T10:56:56.890684+00:00,10.8513328450,106.7717682550,104.395,31,RTK Fixed,8.654,0.9
2026-07-22T10:56:56.997364+00:00,10.8513323633,106.7717703733,104.227,31,RTK Fixed,8.388,1.0
2026-07-22T10:56:57.092190+00:00,10.8513319100,106.7717724583,103.981,31,RTK Fixed,8.58,1.1
2026-07-22T10:56:57.192473+00:00,10.8513313133,106.7717745133,104.027,31,RTK Fixed,8.41,1.2
2026-07-22T10:56:57.290335+00:00,10.8513308433,106.7717766017,103.081,31,RTK Fixed,8.525,0.3
2026-07-22T10:56:57.393475+00:00,10.8513303217,106.7717787033,103.354,31,RTK Fixed,8.399,0.4
2026-07-22T10:56:57.490295+00:00,10.8513298400,106.7717808133,102.864,31,RTK Fixed,8.455,0.5
2026-07-22T10:56:57.588977+00:00,10.8513293350,106.7717829483,102.668,31,RTK Fixed,8.609,0.6
2026-07-22T10:56:57.691201+00:00,10.8513288533,106.7717851600,102.291,31,RTK Fixed,8.695,0.7
2026-07-22T10:56:57.792705+00:00,10.8513284800,106.7717872550,102.136,31,RTK Fixed,8.848,0.8
2026-07-22T10:56:57.890766+00:00,10.8513280783,106.7717893883,101.908,31,RTK Fixed,8.413,0.9
2026-07-22T10:56:58.000512+00:00,10.8513276033,106.7717915033,101.663,31,RTK Fixed,8.614,1.0
2026-07-22T10:56:58.091537+00:00,10.8513271333,106.7717937283,101.264,31,RTK Fixed,8.461,1.1
2026-07-22T10:56:58.192253+00:00,10.8513266867,106.7717958050,101.187,31,RTK Fixed,9.086,1.2
2026-07-22T10:56:58.291387+00:00,10.8513263033,106.7717979883,100.727,31,RTK Fixed,8.34,0.3
2026-07-22T10:56:58.393078+00:00,10.8513258900,106.7718000767,100.703,31,RTK Fixed,8.849,0.4
2026-07-22T10:56:58.490980+00:00,10.8513255750,106.7718022983,100.121,31,RTK Fixed,8.372,0.5
2026-07-22T10:56:58.592329+00:00,10.8513252200,106.7718045100,99.977,31,RTK Fixed,8.847,0.6
2026-07-22T10:56:58.688826+00:00,10.8513248900,106.7718066933,99.604,31,RTK Fixed,8.791,0.7
2026-07-22T10:56:58.788956+00:00,10.8513245100,106.7718088767,99.66,31,RTK Fixed,8.686,0.8
2026-07-22T10:56:58.888455+00:00,10.8513242033,106.7718109800,99.702,30,RTK Fixed,8.704,0.9
2026-07-22T10:56:58.994178+00:00,10.8513239000,106.7718131667,99.742,31,RTK Fixed,8.343,1.0
2026-07-22T10:56:59.089373+00:00,10.8513235417,106.7718153100,99.774,31,RTK Fixed,8.713,1.1
2026-07-22T10:56:59.191551+00:00,10.8513231533,106.7718174867,99.943,31,RTK Fixed,8.517,1.2
2026-07-22T10:56:59.291429+00:00,10.8513228817,106.7718197467,99.968,31,RTK Fixed,8.846,0.3
2026-07-22T10:56:59.391151+00:00,10.8513225467,106.7718219000,100.135,31,RTK Fixed,8.905,0.4
2026-07-22T10:56:59.490681+00:00,10.8513221783,106.7718241033,100.302,31,RTK Fixed,8.675,0.5
2026-07-22T10:56:59.591199+00:00,10.8513218067,106.7718263350,100.22,31,RTK Fixed,8.752,0.6
2026-07-22T10:56:59.691075+00:00,10.8513213300,106.7718285433,100.327,31,RTK Fixed,8.916,0.7
2026-07-22T10:56:59.792221+00:00,10.8513209000,106.7718307067,100.311,31,RTK Fixed,8.991,0.8
2026-07-22T10:56:59.889301+00:00,10.8513203750,106.7718328783,100.221,31,RTK Fixed,8.683,0.9
2026-07-22T10:56:59.995200+00:00,10.8513199100,106.7718350600,100.095,31,RTK Fixed,8.869,1.0
2026-07-22T10:57:00.090812+00:00,10.8513195367,106.7718372383,99.931,30,RTK Fixed,8.776,1.1
2026-07-22T10:57:00.191482+00:00,10.8513192500,106.7718393650,99.619,30,RTK Fixed,8.624,1.2
2026-07-22T10:57:00.289497+00:00,10.8513189100,106.7718415750,99.455,30,RTK Fixed,8.451,1.3
2026-07-22T10:57:00.392460+00:00,10.8513186450,106.7718438033,99.384,30,RTK Fixed,8.72,0.4
2026-07-22T10:57:00.489553+00:00,10.8513183717,106.7718460367,99.569,30,RTK Fixed,8.847,0.5
2026-07-22T10:57:00.591521+00:00,10.8513180117,106.7718482667,99.472,30,RTK Fixed,8.9,0.6
2026-07-22T10:57:00.689887+00:00,10.8513176050,106.7718504483,99.382,30,RTK Fixed,8.88,0.7
2026-07-22T10:57:00.791364+00:00,10.8513172633,106.7718526650,99.407,30,RTK Fixed,8.772,0.8
2026-07-22T10:57:00.886779+00:00,10.8513167817,106.7718548533,99.358,30,RTK Fixed,8.8,0.9
2026-07-22T10:57:00.999663+00:00,10.8513164167,106.7718570517,99.139,30,RTK Fixed,8.913,1.0
2026-07-22T10:57:01.089670+00:00,10.8513160500,106.7718592433,98.975,30,RTK Fixed,8.744,1.1
2026-07-22T10:57:01.191781+00:00,10.8513157133,106.7718614300,99.208,30,RTK Fixed,8.728,1.2
2026-07-22T10:57:01.288283+00:00,10.8513154000,106.7718636383,98.813,30,RTK Fixed,8.749,1.3
2026-07-22T10:57:01.392153+00:00,10.8513150200,106.7718658067,99.006,30,RTK Fixed,8.749,0.4
2026-07-22T10:57:01.489835+00:00,10.8513147200,106.7718680250,98.433,30,RTK Fixed,8.695,0.5
2026-07-22T10:57:01.589160+00:00,10.8513144667,106.7718702400,98.524,30,RTK Fixed,8.769,0.6
2026-07-22T10:57:01.690576+00:00,10.8513141450,106.7718724217,98.442,30,RTK Fixed,8.732,0.7
2026-07-22T10:57:01.791428+00:00,10.8513139100,106.7718745783,98.199,30,RTK Fixed,8.705,0.8
2026-07-22T10:57:01.889498+00:00,10.8513136350,106.7718767867,97.951,30,RTK Fixed,8.587,0.9
2026-07-22T10:57:01.994804+00:00,10.8513133000,106.7718790150,98.279,30,RTK Fixed,8.789,1.0
2026-07-22T10:57:02.090904+00:00,10.8513130400,106.7718811717,97.81,30,RTK Fixed,8.856,1.1
2026-07-22T10:57:02.191464+00:00,10.8513127250,106.7718833450,98.05,30,RTK Fixed,8.603,1.2
2026-07-22T10:57:02.289240+00:00,10.8513123833,106.7718855233,97.64,30,RTK Fixed,8.565,1.3
2026-07-22T10:57:02.391310+00:00,10.8513121867,106.7718877400,97.439,30,RTK Fixed,8.699,0.4
2026-07-22T10:57:02.490080+00:00,10.8513118617,106.7718899150,97.541,30,RTK Fixed,8.727,0.5
2026-07-22T10:57:02.591347+00:00,10.8513115717,106.7718921467,97.315,30,RTK Fixed,8.644,0.6
2026-07-22T10:57:02.691035+00:00,10.8513112733,106.7718942700,97.321,30,RTK Fixed,8.843,0.7
2026-07-22T10:57:02.792388+00:00,10.8513109867,106.7718964367,97.231,30,RTK Fixed,8.531,0.8
2026-07-22T10:57:02.888013+00:00,10.8513107567,106.7718986317,97.084,30,RTK Fixed,8.602,0.9
2026-07-22T10:57:02.995656+00:00,10.8513104100,106.7719007983,97.031,30,RTK Fixed,8.693,1.0
2026-07-22T10:57:03.086989+00:00,10.8513101517,106.7719029783,96.991,30,RTK Fixed,8.673,1.1
2026-07-22T10:57:03.189856+00:00,10.8513099133,106.7719051433,96.799,29,RTK Fixed,8.669,1.2
2026-07-22T10:57:03.289320+00:00,10.8513096017,106.7719073117,96.775,29,RTK Fixed,8.551,1.3
2026-07-22T10:57:03.390966+00:00,10.8513092900,106.7719094683,96.794,29,RTK Fixed,8.575,0.4
2026-07-22T10:57:03.490373+00:00,10.8513090583,106.7719116200,96.458,29,RTK Fixed,8.535,0.5
2026-07-22T10:57:03.589250+00:00,10.8513088017,106.7719137867,96.296,29,RTK Fixed,8.541,0.6
2026-07-22T10:57:03.685267+00:00,10.8513086000,106.7719159750,95.88,29,RTK Fixed,8.587,0.7
2026-07-22T10:57:03.790385+00:00,10.8513083983,106.7719181250,96.111,29,RTK Fixed,8.642,0.8
2026-07-22T10:57:03.886042+00:00,10.8513081717,106.7719202883,96.17,29,RTK Fixed,8.567,0.9
2026-07-22T10:57:03.998299+00:00,10.8513079233,106.7719224650,96.22,29,RTK Fixed,8.484,1.0
2026-07-22T10:57:04.089708+00:00,10.8513077050,106.7719246017,96.25,29,RTK Fixed,8.685,1.1
2026-07-22T10:57:04.190306+00:00,10.8513075100,106.7719267867,96.46,29,RTK Fixed,8.451,1.2
2026-07-22T10:57:04.288981+00:00,10.8513072733,106.7719289717,96.536,29,RTK Fixed,8.633,1.3
2026-07-22T10:57:04.390806+00:00,10.8513070317,106.7719311117,96.598,29,RTK Fixed,8.569,0.4
2026-07-22T10:57:04.488889+00:00,10.8513066750,106.7719332117,97.17,29,RTK Fixed,8.505,0.5
2026-07-22T10:57:04.589770+00:00,10.8513064400,106.7719353783,97.08,29,RTK Fixed,8.39,0.6
2026-07-22T10:57:04.688473+00:00,10.8513061817,106.7719375067,97.071,29,RTK Fixed,8.467,0.7
2026-07-22T10:57:04.788369+00:00,10.8513058817,106.7719396500,97.267,29,RTK Fixed,8.434,0.8
2026-07-22T10:57:04.886223+00:00,10.8513056600,106.7719418550,97.079,29,RTK Fixed,8.554,0.9
2026-07-22T10:57:04.991254+00:00,10.8513052883,106.7719439733,97.119,29,RTK Fixed,8.708,1.0
2026-07-22T10:57:05.087411+00:00,10.8513050183,106.7719461350,96.661,29,RTK Fixed,8.66,1.1
2026-07-22T10:57:05.190039+00:00,10.8513047617,106.7719482300,96.577,29,RTK Fixed,8.601,1.2
2026-07-22T10:57:05.290476+00:00,10.8513044333,106.7719503467,96.315,29,RTK Fixed,8.289,1.3
2026-07-22T10:57:05.390472+00:00,10.8513042967,106.7719525117,96.0,29,RTK Fixed,8.406,0.4
2026-07-22T10:57:05.488629+00:00,10.8513040600,106.7719546667,95.489,29,RTK Fixed,8.554,0.5
2026-07-22T10:57:05.589232+00:00,10.8513038083,106.7719567383,95.243,29,RTK Fixed,8.511,0.6
2026-07-22T10:57:05.687602+00:00,10.8513035733,106.7719588700,95.084,29,RTK Fixed,8.28,0.7
2026-07-22T10:57:05.789180+00:00,10.8513034683,106.7719610367,94.879,29,RTK Fixed,8.393,0.8
2026-07-22T10:57:05.889645+00:00,10.8513033133,106.7719632350,94.989,29,RTK Fixed,8.475,0.9
2026-07-22T10:57:05.995866+00:00,10.8513031433,106.7719653950,94.497,29,RTK Fixed,8.687,1.0
2026-07-22T10:57:06.085512+00:00,10.8513030100,106.7719675417,94.767,29,RTK Fixed,8.563,1.1
2026-07-22T10:57:06.190261+00:00,10.8513028417,106.7719696450,94.787,29,RTK Fixed,8.495,1.2
2026-07-22T10:57:06.291747+00:00,10.8513026083,106.7719717767,94.881,29,RTK Fixed,8.233,1.3
2026-07-22T10:57:06.392131+00:00,10.8513024383,106.7719739433,95.205,29,RTK Fixed,8.487,0.4
2026-07-22T10:57:06.489951+00:00,10.8513022733,106.7719760933,95.048,29,RTK Fixed,8.478,0.5
2026-07-22T10:57:06.588040+00:00,10.8513021050,106.7719782400,95.263,29,RTK Fixed,8.479,0.6
2026-07-22T10:57:06.687364+00:00,10.8513019183,106.7719803517,95.474,29,RTK Fixed,8.391,0.7
2026-07-22T10:57:06.791212+00:00,10.8513017033,106.7719824867,95.648,29,RTK Fixed,8.266,0.8
2026-07-22T10:57:06.885325+00:00,10.8513014500,106.7719846000,95.683,29,RTK Fixed,8.351,0.9
2026-07-22T10:57:06.997687+00:00,10.8513013100,106.7719867617,95.936,29,RTK Fixed,8.405,1.0
2026-07-22T10:57:07.084991+00:00,10.8513009917,106.7719888700,96.642,29,RTK Fixed,8.514,1.1
2026-07-22T10:57:07.187120+00:00,10.8513006467,106.7719909717,96.918,29,RTK Fixed,8.607,1.2
2026-07-22T10:57:07.289247+00:00,10.8513003733,106.7719930717,96.909,29,RTK Fixed,8.375,1.3
2026-07-22T10:57:07.390172+00:00,10.8513000583,106.7719951833,97.135,29,RTK Fixed,8.318,0.4
2026-07-22T10:57:07.488832+00:00,10.8512997800,106.7719972683,97.112,29,RTK Fixed,8.407,0.5
2026-07-22T10:57:07.589009+00:00,10.8512995733,106.7719993683,96.667,29,RTK Fixed,8.326,0.6
2026-07-22T10:57:07.688283+00:00,10.8512992517,106.7720015500,97.112,29,RTK Fixed,8.411,0.7
2026-07-22T10:57:07.789474+00:00,10.8512989583,106.7720036817,97.074,29,RTK Fixed,8.671,0.8
2026-07-22T10:57:07.885252+00:00,10.8512986067,106.7720058300,97.216,29,RTK Fixed,8.563,0.9
2026-07-22T10:57:07.992590+00:00,10.8512982817,106.7720079133,96.852,29,RTK Fixed,8.454,1.0
2026-07-22T10:57:08.088331+00:00,10.8512980400,106.7720100517,96.561,29,RTK Fixed,8.384,1.1
2026-07-22T10:57:08.189049+00:00,10.8512978200,106.7720122150,96.522,29,RTK Fixed,8.431,1.2
2026-07-22T10:57:08.289685+00:00,10.8512977100,106.7720143350,96.117,29,RTK Fixed,8.626,1.3
2026-07-22T10:57:08.389532+00:00,10.8512974367,106.7720165033,96.283,29,RTK Fixed,8.337,0.4
2026-07-22T10:57:08.487814+00:00,10.8512969317,106.7720185367,96.107,29,RTK Fixed,8.677,0.5
2026-07-22T10:57:08.589188+00:00,10.8512965667,106.7720206700,95.352,29,RTK Fixed,8.304,0.6
2026-07-22T10:57:08.687687+00:00,10.8512962433,106.7720228083,95.44,29,RTK Fixed,8.53,0.7
2026-07-22T10:57:08.789513+00:00,10.8512961383,106.7720250550,94.707,29,RTK Fixed,8.587,0.8
2026-07-22T10:57:08.888579+00:00,10.8512958700,106.7720271033,95.14,28,RTK Fixed,8.81,0.9
2026-07-22T10:57:08.994629+00:00,10.8512957683,106.7720292550,94.742,28,RTK Fixed,8.313,1.0
2026-07-22T10:57:09.086669+00:00,10.8512955183,106.7720314000,95.132,28,RTK Fixed,8.321,1.1
2026-07-22T10:57:09.187755+00:00,10.8512953467,106.7720335617,94.975,28,RTK Fixed,8.465,1.2
2026-07-22T10:57:09.286493+00:00,10.8512952933,106.7720357383,94.859,28,RTK Fixed,8.664,1.3
2026-07-22T10:57:09.387852+00:00,10.8512949333,106.7720379317,95.243,29,RTK Fixed,8.587,0.4
2026-07-22T10:57:09.489339+00:00,10.8512946500,106.7720399800,94.966,29,RTK Fixed,8.643,0.5
2026-07-22T10:57:09.589174+00:00,10.8512944200,106.7720421067,95.215,29,RTK Fixed,8.1,0.6
2026-07-22T10:57:09.684831+00:00,10.8512941717,106.7720442850,95.304,29,RTK Fixed,8.315,0.7
2026-07-22T10:57:09.792320+00:00,10.8512938933,106.7720464217,95.155,29,RTK Fixed,8.66,0.8
2026-07-22T10:57:09.890228+00:00,10.8512937550,106.7720485783,94.919,29,RTK Fixed,8.623,0.9
2026-07-22T10:57:09.997690+00:00,10.8512936217,106.7720507000,94.807,28,RTK Fixed,8.578,1.0
2026-07-22T10:57:10.087723+00:00,10.8512934800,106.7720528450,95.158,28,RTK Fixed,8.342,1.1
2026-07-22T10:57:10.189144+00:00,10.8512933883,106.7720549433,95.292,28,RTK Fixed,8.508,1.2
2026-07-22T10:57:10.290700+00:00,10.8512931100,106.7720570783,95.656,28,RTK Fixed,8.303,1.3
2026-07-22T10:57:10.390673+00:00,10.8512928883,106.7720592583,96.05,28,RTK Fixed,8.427,0.4
2026-07-22T10:57:10.485669+00:00,10.8512927917,106.7720613900,96.231,28,RTK Fixed,8.543,0.5
2026-07-22T10:57:10.590070+00:00,10.8512925583,106.7720634950,96.581,28,RTK Fixed,8.246,0.6
2026-07-22T10:57:10.688952+00:00,10.8512923217,106.7720655517,96.406,28,RTK Fixed,8.401,0.7
2026-07-22T10:57:10.790673+00:00,10.8512920200,106.7720676967,96.54,28,RTK Fixed,8.126,0.8
2026-07-22T10:57:10.888148+00:00,10.8512918017,106.7720698867,96.565,28,RTK Fixed,8.495,0.9
2026-07-22T10:57:10.991783+00:00,10.8512915983,106.7720719633,96.465,28,RTK Fixed,8.671,1.0
2026-07-22T10:57:11.088041+00:00,10.8512913167,106.7720740800,96.596,28,RTK Fixed,8.197,1.1
2026-07-22T10:57:11.188772+00:00,10.8512909783,106.7720761867,96.273,28,RTK Fixed,8.4,1.2
2026-07-22T10:57:11.288373+00:00,10.8512907383,106.7720783883,96.222,28,RTK Fixed,8.406,1.3
2026-07-22T10:57:11.388296+00:00,10.8512905533,106.7720804617,95.851,28,RTK Fixed,8.726,0.4
2026-07-22T10:57:11.484461+00:00,10.8512903650,106.7720826383,95.948,28,RTK Fixed,8.324,0.5
2026-07-22T10:57:11.588810+00:00,10.8512902550,106.7720847833,95.877,28,RTK Fixed,8.435,0.6
2026-07-22T10:57:11.685693+00:00,10.8512901533,106.7720869267,95.88,28,RTK Fixed,8.411,0.7
2026-07-22T10:57:11.787367+00:00,10.8512899417,106.7720890850,95.876,28,RTK Fixed,8.568,0.8
2026-07-22T10:57:11.889442+00:00,10.8512897983,106.7720912383,95.57,28,RTK Fixed,8.628,0.9
2026-07-22T10:57:11.993409+00:00,10.8512895433,106.7720933233,95.735,27,RTK Fixed,8.43,1.0
2026-07-22T10:57:12.084840+00:00,10.8512892767,106.7720954883,95.897,27,RTK Fixed,8.279,1.1
2026-07-22T10:57:12.187344+00:00,10.8512891300,106.7720975950,95.866,28,RTK Fixed,8.563,1.2
2026-07-22T10:57:12.287565+00:00,10.8512888500,106.7720996483,96.209,28,RTK Fixed,8.265,1.3
2026-07-22T10:57:12.390239+00:00,10.8512886283,106.7721018067,96.102,28,RTK Fixed,8.154,0.4
2026-07-22T10:57:12.484885+00:00,10.8512882733,106.7721038800,96.834,28,RTK Fixed,8.605,0.5
2026-07-22T10:57:12.587861+00:00,10.8512880167,106.7721061200,96.814,28,RTK Fixed,8.436,0.6
2026-07-22T10:57:12.686829+00:00,10.8512877783,106.7721081750,97.032,28,RTK Fixed,8.945,0.7
2026-07-22T10:57:12.788938+00:00,10.8512875533,106.7721104117,97.129,28,RTK Fixed,8.071,0.8
2026-07-22T10:57:12.887171+00:00,10.8512872617,106.7721125717,97.408,27,RTK Fixed,8.847,0.9
2026-07-22T10:57:12.995485+00:00,10.8512869767,106.7721147633,97.541,28,RTK Fixed,8.511,1.0
2026-07-22T10:57:13.087765+00:00,10.8512867167,106.7721168717,97.338,28,RTK Fixed,8.745,1.1
2026-07-22T10:57:13.188561+00:00,10.8512864250,106.7721189700,97.428,28,RTK Fixed,8.347,1.2
2026-07-22T10:57:13.288603+00:00,10.8512860600,106.7721210583,97.313,28,RTK Fixed,8.267,1.3
2026-07-22T10:57:13.389979+00:00,10.8512858717,106.7721232167,97.148,28,RTK Fixed,8.26,0.4
2026-07-22T10:57:13.485799+00:00,10.8512855167,106.7721253983,96.728,28,RTK Fixed,8.443,0.5
2026-07-22T10:57:13.585935+00:00,10.8512852617,106.7721275300,96.597,28,RTK Fixed,8.827,0.6
2026-07-22T10:57:13.685669+00:00,10.8512849233,106.7721297050,96.426,28,RTK Fixed,8.533,0.7
2026-07-22T10:57:13.788134+00:00,10.8512847700,106.7721318600,95.764,28,RTK Fixed,8.724,0.8
2026-07-22T10:57:13.886827+00:00,10.8512846150,106.7721340417,95.427,28,RTK Fixed,8.416,0.9
2026-07-22T10:57:13.990718+00:00,10.8512845117,106.7721361850,95.245,28,RTK Fixed,8.643,1.0
2026-07-22T10:57:14.085761+00:00,10.8512843667,106.7721383767,94.985,27,RTK Fixed,8.471,1.1
2026-07-22T10:57:14.188136+00:00,10.8512843300,106.7721405217,95.082,28,RTK Fixed,8.616,1.2
2026-07-22T10:57:14.288501+00:00,10.8512842733,106.7721427500,94.992,28,RTK Fixed,8.44,1.3
2026-07-22T10:57:14.386654+00:00,10.8512840800,106.7721448317,94.893,28,RTK Fixed,8.68,0.4
2026-07-22T10:57:14.486396+00:00,10.8512839583,106.7721470400,94.79,28,RTK Fixed,8.253,0.5
2026-07-22T10:57:14.585821+00:00,10.8512837117,106.7721491950,94.951,28,RTK Fixed,8.744,0.6
2026-07-22T10:57:14.683960+00:00,10.8512834933,106.7721514117,94.991,28,RTK Fixed,8.479,0.7
2026-07-22T10:57:14.788948+00:00,10.8512832000,106.7721534783,95.185,28,RTK Fixed,8.82,0.8
2026-07-22T10:57:14.886695+00:00,10.8512829883,106.7721556350,94.937,28,RTK Fixed,8.189,0.9
2026-07-22T10:57:14.993060+00:00,10.8512828950,106.7721578017,95.115,28,RTK Fixed,8.561,1.0
2026-07-22T10:57:15.086260+00:00,10.8512827133,106.7721599233,95.503,28,RTK Fixed,8.381,1.1
2026-07-22T10:57:15.187380+00:00,10.8512824983,106.7721621267,95.813,28,RTK Fixed,8.444,1.2
2026-07-22T10:57:15.289141+00:00,10.8512821167,106.7721642733,95.953,27,RTK Fixed,8.628,1.3
2026-07-22T10:57:15.386837+00:00,10.8512818950,106.7721664500,96.348,28,RTK Fixed,8.783,0.4
2026-07-22T10:57:15.486498+00:00,10.8512816817,106.7721685833,96.29,28,RTK Fixed,8.576,0.5
2026-07-22T10:57:15.588309+00:00,10.8512814217,106.7721707917,96.813,27,RTK Fixed,8.437,0.6
2026-07-22T10:57:15.684697+00:00,10.8512812017,106.7721729633,96.927,28,RTK Fixed,8.749,0.7
2026-07-22T10:57:15.788673+00:00,10.8512808433,106.7721751000,97.437,28,RTK Fixed,8.554,0.8
2026-07-22T10:57:15.887436+00:00,10.8512805833,106.7721771517,97.169,28,RTK Fixed,8.505,0.9
2026-07-22T10:57:15.995133+00:00,10.8512802550,106.7721793417,97.574,28,RTK Fixed,8.151,1.0
2026-07-22T10:57:16.086496+00:00,10.8512798900,106.7721814667,97.416,28,RTK Fixed,8.663,1.1
2026-07-22T10:57:16.189668+00:00,10.8512797217,106.7721836267,97.141,28,RTK Fixed,8.451,1.2
2026-07-22T10:57:16.286079+00:00,10.8512793733,106.7721857633,97.496,28,RTK Fixed,8.594,1.3
2026-07-22T10:57:16.389355+00:00,10.8512790717,106.7721878767,96.963,28,RTK Fixed,8.498,0.4
2026-07-22T10:57:16.483399+00:00,10.8512787367,106.7721900267,97.17,27,RTK Fixed,8.428,0.5
2026-07-22T10:57:16.587573+00:00,10.8512785433,106.7721922600,96.601,28,RTK Fixed,8.627,0.6
2026-07-22T10:57:16.684636+00:00,10.8512783050,106.7721944417,96.677,28,RTK Fixed,8.882,0.7
2026-07-22T10:57:16.790560+00:00,10.8512781017,106.7721965867,96.171,28,RTK Fixed,8.807,0.8
2026-07-22T10:57:16.889182+00:00,10.8512778783,106.7721987083,96.044,27,RTK Fixed,8.443,0.9
2026-07-22T10:57:16.993021+00:00,10.8512775783,106.7722008783,96.089,27,RTK Fixed,8.328,1.0
2026-07-22T10:57:17.087192+00:00,10.8512774383,106.7722031350,95.849,27,RTK Fixed,8.509,1.1
2026-07-22T10:57:17.188683+00:00,10.8512772967,106.7722053417,96.007,27,RTK Fixed,8.892,1.2
2026-07-22T10:57:17.288306+00:00,10.8512771667,106.7722074750,96.098,27,RTK Fixed,8.746,1.3
2026-07-22T10:57:17.387874+00:00,10.8512769717,106.7722096533,96.409,27,RTK Fixed,8.454,0.4
2026-07-22T10:57:17.487355+00:00,10.8512767867,106.7722118467,96.332,27,RTK Fixed,8.544,0.5
2026-07-22T10:57:17.587733+00:00,10.8512765200,106.7722140867,96.822,27,RTK Fixed,8.613,0.6
2026-07-22T10:57:17.687470+00:00,10.8512763200,106.7722162900,96.667,27,RTK Fixed,8.979,0.7
2026-07-22T10:57:17.786297+00:00,10.8512761133,106.7722184567,96.863,27,RTK Fixed,8.794,0.8
2026-07-22T10:57:17.886364+00:00,10.8512757867,106.7722206517,97.062,27,RTK Fixed,8.595,0.9
2026-07-22T10:57:17.992603+00:00,10.8512755383,106.7722228433,96.758,27,RTK Fixed,8.702,1.0
2026-07-22T10:57:18.084960+00:00,10.8512751633,106.7722250317,97.235,27,RTK Fixed,8.674,1.1
2026-07-22T10:57:18.188209+00:00,10.8512748333,106.7722272233,97.207,27,RTK Fixed,8.713,1.2
2026-07-22T10:57:18.289843+00:00,10.8512746017,106.7722294033,96.759,27,RTK Fixed,8.717,1.3
2026-07-22T10:57:18.388268+00:00,10.8512743117,106.7722316150,96.848,28,RTK Fixed,8.57,1.4
2026-07-22T10:57:18.487306+00:00,10.8512740867,106.7722337850,96.682,28,RTK Fixed,8.848,0.5
2026-07-22T10:57:18.589122+00:00,10.8512737350,106.7722360150,96.903,28,RTK Fixed,8.622,0.6
2026-07-22T10:57:18.686725+00:00,10.8512734250,106.7722382183,96.644,28,RTK Fixed,8.994,0.7
2026-07-22T10:57:18.789710+00:00,10.8512731150,106.7722404633,96.605,29,RTK Fixed,8.707,0.8
2026-07-22T10:57:18.884325+00:00,10.8512727833,106.7722427050,96.756,29,RTK Fixed,8.956,0.9
2026-07-22T10:57:18.996181+00:00,10.8512726467,106.7722448567,96.531,29,RTK Fixed,8.962,1.0
2026-07-22T10:57:19.085002+00:00,10.8512724383,106.7722471167,97.012,29,RTK Fixed,8.493,1.1
2026-07-22T10:57:19.188141+00:00,10.8512721800,106.7722493517,97.03,29,RTK Fixed,8.947,1.2
2026-07-22T10:57:19.289386+00:00,10.8512718683,106.7722515600,97.287,29,RTK Fixed,8.911,1.3
2026-07-22T10:57:19.388715+00:00,10.8512716017,106.7722538167,97.291,29,RTK Fixed,8.834,1.4
2026-07-22T10:57:19.487443+00:00,10.8512712533,106.7722559900,97.695,29,RTK Fixed,8.899,0.5
2026-07-22T10:57:19.588748+00:00,10.8512707750,106.7722581950,98.33,29,RTK Fixed,8.736,0.6
2026-07-22T10:57:19.687881+00:00,10.8512705083,106.7722604717,97.925,29,RTK Fixed,8.745,0.7
2026-07-22T10:57:19.790355+00:00,10.8512701083,106.7722627083,98.435,29,RTK Fixed,8.98,0.8
2026-07-22T10:57:19.887249+00:00,10.8512698350,106.7722649133,97.929,29,RTK Fixed,9.113,0.9
2026-07-22T10:57:19.992792+00:00,10.8512694900,106.7722670817,98.369,29,RTK Fixed,8.928,1.0
2026-07-22T10:57:20.087016+00:00,10.8512691383,106.7722692750,98.271,29,RTK Fixed,8.651,1.1
2026-07-22T10:57:20.189532+00:00,10.8512687133,106.7722714633,98.281,29,RTK Fixed,8.579,1.2
2026-07-22T10:57:20.289378+00:00,10.8512682067,106.7722736867,98.219,29,RTK Fixed,8.714,1.3
2026-07-22T10:57:20.389860+00:00,10.8512679183,106.7722759917,97.731,29,RTK Fixed,9.059,1.4
2026-07-22T10:57:20.486203+00:00,10.8512676250,106.7722781867,97.588,29,RTK Fixed,9.059,0.5
2026-07-22T10:57:20.589665+00:00,10.8512673050,106.7722803400,97.572,29,RTK Fixed,8.626,0.6
2026-07-22T10:57:20.690524+00:00,10.8512670933,106.7722824650,97.415,29,RTK Fixed,8.589,0.7
2026-07-22T10:57:20.788963+00:00,10.8512667783,106.7722847467,97.272,29,RTK Fixed,8.357,0.8
2026-07-22T10:57:20.888758+00:00,10.8512663700,106.7722870017,96.97,29,RTK Fixed,9.15,0.9
2026-07-22T10:57:20.994584+00:00,10.8512660800,106.7722892317,96.453,29,RTK Fixed,9.059,1.0
2026-07-22T10:57:21.088102+00:00,10.8512658883,106.7722914883,95.962,29,RTK Fixed,8.933,1.1
2026-07-22T10:57:21.186548+00:00,10.8512656267,106.7722937133,95.675,29,RTK Fixed,8.979,1.2
2026-07-22T10:57:21.288129+00:00,10.8512654150,106.7722959183,95.532,29,RTK Fixed,8.791,1.3
2026-07-22T10:57:21.390042+00:00,10.8512653967,106.7722982033,94.651,29,RTK Fixed,8.795,1.4
2026-07-22T10:57:21.488553+00:00,10.8512652033,106.7723004467,95.39,29,RTK Fixed,9.01,0.5
2026-07-22T10:57:21.588228+00:00,10.8512650150,106.7723026450,94.648,29,RTK Fixed,8.917,0.6
2026-07-22T10:57:21.686667+00:00,10.8512648300,106.7723048633,95.066,29,RTK Fixed,8.674,0.7
2026-07-22T10:57:21.789440+00:00,10.8512646783,106.7723070783,94.804,29,RTK Fixed,8.693,0.8
2026-07-22T10:57:21.885390+00:00,10.8512644300,106.7723094117,94.887,29,RTK Fixed,8.734,0.9
2026-07-22T10:57:21.997028+00:00,10.8512642617,106.7723116667,95.23,30,RTK Fixed,9.347,1.0
2026-07-22T10:57:22.087533+00:00,10.8512642917,106.7723139083,94.773,30,RTK Fixed,8.857,1.1
2026-07-22T10:57:22.194425+00:00,10.8512641433,106.7723160733,95.804,30,RTK Fixed,8.902,1.2
2026-07-22T10:57:22.285707+00:00,10.8512638867,106.7723182333,95.633,30,RTK Fixed,8.481,1.3
2026-07-22T10:57:22.389452+00:00,10.8512636617,106.7723204917,95.907,30,RTK Fixed,8.476,1.4
2026-07-22T10:57:22.488802+00:00,10.8512634350,106.7723227683,95.528,30,RTK Fixed,8.923,0.5
2026-07-22T10:57:22.590227+00:00,10.8512630617,106.7723250217,96.017,30,RTK Fixed,9.073,0.6
2026-07-22T10:57:22.689397+00:00,10.8512627600,106.7723272817,95.634,30,RTK Fixed,9.059,0.7
2026-07-22T10:57:22.790617+00:00,10.8512625500,106.7723295183,95.681,30,RTK Fixed,8.953,0.8
2026-07-22T10:57:22.887304+00:00,10.8512622900,106.7723317783,95.662,29,RTK Fixed,8.802,0.9
2026-07-22T10:57:22.993288+00:00,10.8512621317,106.7723340067,95.324,30,RTK Fixed,9.02,1.0
2026-07-22T10:57:23.087445+00:00,10.8512620133,106.7723362650,95.377,30,RTK Fixed,8.718,1.1
2026-07-22T10:57:23.189721+00:00,10.8512618517,106.7723384533,95.333,30,RTK Fixed,8.88,1.2
2026-07-22T10:57:23.285940+00:00,10.8512615867,106.7723407450,95.241,29,RTK Fixed,8.671,1.3
2026-07-22T10:57:23.390380+00:00,10.8512613950,106.7723429667,95.188,30,RTK Fixed,9.124,1.4
2026-07-22T10:57:23.488979+00:00,10.8512612167,106.7723452100,95.245,30,RTK Fixed,8.761,0.5
2026-07-22T10:57:23.590619+00:00,10.8512608967,106.7723474883,95.656,29,RTK Fixed,8.901,0.6
2026-07-22T10:57:23.688329+00:00,10.8512606950,106.7723497500,95.705,29,RTK Fixed,9.025,0.7
2026-07-22T10:57:23.790443+00:00,10.8512606000,106.7723519850,95.805,29,RTK Fixed,8.959,0.8
2026-07-22T10:57:23.887048+00:00,10.8512604067,106.7723542200,95.984,29,RTK Fixed,8.866,0.9
2026-07-22T10:57:23.993206+00:00,10.8512602050,106.7723564550,96.145,29,RTK Fixed,8.698,1.0
2026-07-22T10:57:24.087591+00:00,10.8512599533,106.7723586567,96.253,29,RTK Fixed,8.782,1.1
2026-07-22T10:57:24.186668+00:00,10.8512596150,106.7723609183,96.538,29,RTK Fixed,8.76,1.2
2026-07-22T10:57:24.289007+00:00,10.8512592917,106.7723631283,96.564,29,RTK Fixed,9.068,1.3
2026-07-22T10:57:24.389570+00:00,10.8512589333,106.7723653550,96.52,29,RTK Fixed,8.751,1.4
2026-07-22T10:57:24.485782+00:00,10.8512585517,106.7723675783,96.861,29,RTK Fixed,9.067,0.5
2026-07-22T10:57:24.587768+00:00,10.8512584033,106.7723699233,96.375,29,RTK Fixed,8.754,0.6
2026-07-22T10:57:24.689038+00:00,10.8512582183,106.7723721600,96.758,29,RTK Fixed,9.113,0.7
2026-07-22T10:57:24.790065+00:00,10.8512579133,106.7723743533,96.801,30,RTK Fixed,8.912,0.8
2026-07-22T10:57:24.886923+00:00,10.8512576867,106.7723766150,96.625,29,RTK Fixed,8.845,0.9
2026-07-22T10:57:24.997212+00:00,10.8512574867,106.7723788450,96.383,29,RTK Fixed,8.717,1.0
2026-07-22T10:57:25.087514+00:00,10.8512571683,106.7723810733,96.47,28,RTK Fixed,8.803,1.1
2026-07-22T10:57:25.189280+00:00,10.8512567917,106.7723833600,96.903,29,RTK Fixed,8.992,1.2
2026-07-22T10:57:25.288056+00:00,10.8512565550,106.7723856283,96.957,28,RTK Fixed,9.022,1.3
2026-07-22T10:57:25.392377+00:00,10.8512563533,106.7723878400,96.71,29,RTK Fixed,9.161,1.4
2026-07-22T10:57:25.488638+00:00,10.8512560067,106.7723900883,97.27,29,RTK Fixed,8.759,0.5
2026-07-22T10:57:25.586632+00:00,10.8512557183,106.7723923417,96.824,29,RTK Fixed,8.963,0.6
2026-07-22T10:57:25.686334+00:00,10.8512555500,106.7723946000,96.707,29,RTK Fixed,8.821,0.7
2026-07-22T10:57:25.790213+00:00,10.8512552800,106.7723968050,96.876,29,RTK Fixed,8.975,0.8
2026-07-22T10:57:25.888187+00:00,10.8512549467,106.7723990450,96.746,29,RTK Fixed,8.657,0.9
2026-07-22T10:57:25.991217+00:00,10.8512546517,106.7724013017,96.523,28,RTK Fixed,8.918,1.0
2026-07-22T10:57:26.087507+00:00,10.8512543283,106.7724035500,96.622,28,RTK Fixed,8.897,1.1
2026-07-22T10:57:26.189337+00:00,10.8512540417,106.7724058250,96.397,28,RTK Fixed,8.958,1.2
2026-07-22T10:57:26.288916+00:00,10.8512538667,106.7724079950,96.389,28,RTK Fixed,9.062,1.3
2026-07-22T10:57:26.391270+00:00,10.8512535833,106.7724103067,96.951,28,RTK Fixed,8.537,1.4
2026-07-22T10:57:26.486533+00:00,10.8512533767,106.7724125150,96.74,28,RTK Fixed,9.276,0.5
2026-07-22T10:57:26.586690+00:00,10.8512530433,106.7724147917,97.018,28,RTK Fixed,8.751,0.6
2026-07-22T10:57:26.687177+00:00,10.8512528050,106.7724170050,97.038,28,RTK Fixed,9.1,0.7
2026-07-22T10:57:26.790598+00:00,10.8512525550,106.7724192117,97.192,28,RTK Fixed,8.672,0.8
2026-07-22T10:57:26.889400+00:00,10.8512523033,106.7724214317,97.563,28,RTK Fixed,8.733,0.9
2026-07-22T10:57:26.993574+00:00,10.8512519367,106.7724237083,97.839,28,RTK Fixed,8.781,1.0
2026-07-22T10:57:27.086494+00:00,10.8512516400,106.7724259483,97.739,28,RTK Fixed,9.047,1.1
2026-07-22T10:57:27.188770+00:00,10.8512512717,106.7724280717,98.216,28,RTK Fixed,8.893,1.2
2026-07-22T10:57:27.287266+00:00,10.8512508933,106.7724303483,98.081,29,RTK Fixed,8.558,1.3
2026-07-22T10:57:27.388297+00:00,10.8512505067,106.7724326083,98.075,29,RTK Fixed,8.945,1.4
2026-07-22T10:57:27.488537+00:00,10.8512500983,106.7724348400,97.983,29,RTK Fixed,9.065,0.5
2026-07-22T10:57:27.586530+00:00,10.8512497417,106.7724370700,98.004,29,RTK Fixed,8.991,0.6
2026-07-22T10:57:27.687236+00:00,10.8512493767,106.7724392467,97.902,29,RTK Fixed,8.872,0.7
2026-07-22T10:57:27.789686+00:00,10.8512490050,106.7724414117,97.445,29,RTK Fixed,8.556,0.8
2026-07-22T10:57:27.886750+00:00,10.8512486283,106.7724437067,97.488,29,RTK Fixed,8.576,0.9
2026-07-22T10:57:27.997378+00:00,10.8512483983,106.7724459450,96.78,29,RTK Fixed,9.115,1.0
2026-07-22T10:57:28.087785+00:00,10.8512482100,106.7724481583,96.535,29,RTK Fixed,8.983,1.1
2026-07-22T10:57:28.189643+00:00,10.8512478917,106.7724503350,96.472,29,RTK Fixed,8.694,1.2
2026-07-22T10:57:28.287534+00:00,10.8512475433,106.7724525150,96.007,29,RTK Fixed,8.704,1.3
2026-07-22T10:57:28.390144+00:00,10.8512473250,106.7724547500,95.445,29,RTK Fixed,8.688,1.4
2026-07-22T10:57:28.490748+00:00,10.8512472250,106.7724570133,95.218,29,RTK Fixed,8.863,0.5
2026-07-22T10:57:28.587859+00:00,10.8512469917,106.7724592133,95.161,29,RTK Fixed,8.872,0.6
2026-07-22T10:57:28.686567+00:00,10.8512467600,106.7724614017,94.879,29,RTK Fixed,8.751,0.7
2026-07-22T10:57:28.789752+00:00,10.8512465883,106.7724636800,94.925,29,RTK Fixed,8.649,0.8
2026-07-22T10:57:28.889589+00:00,10.8512463783,106.7724658617,94.869,29,RTK Fixed,8.966,0.9
2026-07-22T10:57:28.993049+00:00,10.8512462533,106.7724681417,94.572,29,RTK Fixed,8.659,1.0
2026-07-22T10:57:29.086196+00:00,10.8512460633,106.7724703267,94.682,29,RTK Fixed,8.979,1.1
2026-07-22T10:57:29.188916+00:00,10.8512459283,106.7724725700,94.91,29,RTK Fixed,8.635,1.2
2026-07-22T10:57:29.288058+00:00,10.8512457967,106.7724747600,95.027,29,RTK Fixed,8.87,1.3
2026-07-22T10:57:29.389942+00:00,10.8512455350,106.7724770017,94.938,29,RTK Fixed,8.591,1.4
2026-07-22T10:57:29.488628+00:00,10.8512452283,106.7724792333,95.048,29,RTK Fixed,8.963,0.5
2026-07-22T10:57:29.588712+00:00,10.8512451833,106.7724814433,94.938,29,RTK Fixed,8.824,0.6
2026-07-22T10:57:29.684696+00:00,10.8512450617,106.7724836600,95.742,29,RTK Fixed,8.673,0.7
2026-07-22T10:57:29.789689+00:00,10.8512448183,106.7724859133,95.76,29,RTK Fixed,8.709,0.8
2026-07-22T10:57:29.887274+00:00,10.8512445950,106.7724881633,95.803,29,RTK Fixed,8.971,0.9
2026-07-22T10:57:29.994132+00:00,10.8512443300,106.7724903750,96.156,29,RTK Fixed,8.93,1.0
2026-07-22T10:57:30.087670+00:00,10.8512440783,106.7724926367,96.149,29,RTK Fixed,8.777,1.1
2026-07-22T10:57:30.188975+00:00,10.8512438617,106.7724948667,96.08,29,RTK Fixed,8.876,1.2
2026-07-22T10:57:30.287757+00:00,10.8512434950,106.7724971550,96.158,29,RTK Fixed,8.753,1.3
2026-07-22T10:57:30.390824+00:00,10.8512432700,106.7724994217,95.737,29,RTK Fixed,9.167,1.4
2026-07-22T10:57:30.489162+00:00,10.8512430383,106.7725016083,95.729,29,RTK Fixed,8.91,0.5
2026-07-22T10:57:30.589019+00:00,10.8512428067,106.7725038467,95.461,29,RTK Fixed,8.628,0.6
2026-07-22T10:57:30.693176+00:00,10.8512426967,106.7725061183,95.15,29,RTK Fixed,8.876,0.7
2026-07-22T10:57:30.786723+00:00,10.8512425150,106.7725083933,94.956,29,RTK Fixed,8.901,0.8
2026-07-22T10:57:30.885271+00:00,10.8512424083,106.7725107033,94.411,29,RTK Fixed,8.738,0.9
2026-07-22T10:57:30.997407+00:00,10.8512421300,106.7725129617,95.227,29,RTK Fixed,9.101,1.0
2026-07-22T10:57:31.087291+00:00,10.8512419150,106.7725152250,94.09,29,RTK Fixed,8.808,1.1
2026-07-22T10:57:31.188982+00:00,10.8512418317,106.7725175300,94.365,29,RTK Fixed,9.011,1.2
2026-07-22T10:57:31.288092+00:00,10.8512417267,106.7725198333,95.079,28,RTK Fixed,9.03,1.3
2026-07-22T10:57:31.389625+00:00,10.8512416100,106.7725220767,95.123,29,RTK Fixed,9.194,1.4
2026-07-22T10:57:31.486389+00:00,10.8512414750,106.7725242850,94.968,29,RTK Fixed,8.613,0.5
2026-07-22T10:57:31.589762+00:00,10.8512411583,106.7725264967,94.973,29,RTK Fixed,9.051,0.6
2026-07-22T10:57:31.689691+00:00,10.8512408817,106.7725287233,95.474,29,RTK Fixed,9.016,0.7
2026-07-22T10:57:31.789034+00:00,10.8512407017,106.7725310450,95.193,29,RTK Fixed,9.095,0.8
2026-07-22T10:57:31.888560+00:00,10.8512404600,106.7725334333,95.02,29,RTK Fixed,8.852,0.9
2026-07-22T10:57:31.993859+00:00,10.8512402750,106.7725357617,94.789,29,RTK Fixed,9.129,1.0
2026-07-22T10:57:32.086738+00:00,10.8512400300,106.7725379200,95.2,29,RTK Fixed,9.177,1.1
2026-07-22T10:57:32.189119+00:00,10.8512398033,106.7725403200,95.565,28,RTK Fixed,8.573,1.2
2026-07-22T10:57:32.288778+00:00,10.8512396600,106.7725425650,95.298,28,RTK Fixed,9.186,1.3
2026-07-22T10:57:32.388729+00:00,10.8512395700,106.7725448333,95.902,28,RTK Fixed,8.777,1.4
2026-07-22T10:57:32.485383+00:00,10.8512394200,106.7725470467,96.09,28,RTK Fixed,8.763,0.5
2026-07-22T10:57:32.587403+00:00,10.8512389950,106.7725492317,96.292,28,RTK Fixed,8.806,0.6
2026-07-22T10:57:32.688944+00:00,10.8512386100,106.7725514533,96.246,28,RTK Fixed,9.034,0.7
2026-07-22T10:57:32.788536+00:00,10.8512383533,106.7725535250,96.217,28,RTK Fixed,9.038,0.8
2026-07-22T10:57:32.885555+00:00,10.8512381150,106.7725556783,96.703,28,RTK Fixed,8.192,0.9
2026-07-22T10:57:32.992272+00:00,10.8512377683,106.7725577900,96.709,28,RTK Fixed,8.46,1.0
2026-07-22T10:57:33.088607+00:00,10.8512376000,106.7725599583,96.615,28,RTK Fixed,8.384,1.1
2026-07-22T10:57:33.188148+00:00,10.8512374583,106.7725619500,96.687,28,RTK Fixed,8.561,1.2
2026-07-22T10:57:33.286996+00:00,10.8512371700,106.7725639250,96.432,28,RTK Fixed,7.843,1.3
2026-07-22T10:57:33.387850+00:00,10.8512369550,106.7725659983,96.55,28,RTK Fixed,7.8,1.4
2026-07-22T10:57:33.489488+00:00,10.8512368033,106.7725680600,95.826,28,RTK Fixed,8.091,0.5
2026-07-22T10:57:33.589432+00:00,10.8512364900,106.7725700883,96.115,29,RTK Fixed,8.165,0.6
2026-07-22T10:57:33.689249+00:00,10.8512362367,106.7725720533,95.393,29,RTK Fixed,8.217,0.7
2026-07-22T10:57:33.790157+00:00,10.8512360783,106.7725740683,95.615,29,RTK Fixed,7.805,0.8
2026-07-22T10:57:33.887118+00:00,10.8512358783,106.7725760017,95.361,29,RTK Fixed,7.669,0.9
2026-07-22T10:57:33.998775+00:00,10.8512357833,106.7725779200,94.871,29,RTK Fixed,7.536,1.0
2026-07-22T10:57:34.086619+00:00,10.8512356700,106.7725797900,94.626,29,RTK Fixed,7.568,1.1
2026-07-22T10:57:34.188815+00:00,10.8512356667,106.7725816683,94.426,29,RTK Fixed,7.321,1.2
2026-07-22T10:57:34.287976+00:00,10.8512357200,106.7725835183,94.171,29,RTK Fixed,7.311,1.3
2026-07-22T10:57:34.391080+00:00,10.8512355383,106.7725853433,94.052,29,RTK Fixed,7.202,1.4
2026-07-22T10:57:34.488126+00:00,10.8512352867,106.7725872150,93.768,29,RTK Fixed,7.26,0.5
2026-07-22T10:57:34.587370+00:00,10.8512351317,106.7725890033,93.649,29,RTK Fixed,7.408,0.6
2026-07-22T10:57:34.689759+00:00,10.8512349467,106.7725908783,93.528,29,RTK Fixed,6.973,0.7
2026-07-22T10:57:34.790462+00:00,10.8512349233,106.7725926983,92.659,29,RTK Fixed,7.325,0.8
2026-07-22T10:57:34.887560+00:00,10.8512348400,106.7725945550,93.107,29,RTK Fixed,7.105,0.9
2026-07-22T10:57:34.991283+00:00,10.8512348500,106.7725963650,92.039,29,RTK Fixed,6.92,1.0
2026-07-22T10:57:35.086418+00:00,10.8512346683,106.7725981450,92.781,29,RTK Fixed,7.112,1.1
2026-07-22T10:57:35.188561+00:00,10.8512345583,106.7725999033,91.795,29,RTK Fixed,6.92,1.2
2026-07-22T10:57:35.287658+00:00,10.8512344283,106.7726016900,92.131,29,RTK Fixed,7.158,1.3
2026-07-22T10:57:35.389736+00:00,10.8512343583,106.7726034567,91.391,29,RTK Fixed,6.979,1.4
2026-07-22T10:57:35.487094+00:00,10.8512342783,106.7726052267,91.201,29,RTK Fixed,6.981,1.5
2026-07-22T10:57:35.587962+00:00,10.8512342983,106.7726070267,90.793,29,RTK Fixed,6.939,0.6
2026-07-22T10:57:35.687489+00:00,10.8512341767,106.7726087517,90.747,29,RTK Fixed,7.001,0.7
2026-07-22T10:57:35.790590+00:00,10.8512340967,106.7726105367,90.785,29,RTK Fixed,6.92,0.8
2026-07-22T10:57:35.889121+00:00,10.8512341183,106.7726123483,89.781,29,RTK Fixed,7.045,0.9
2026-07-22T10:57:35.993784+00:00,10.8512341683,106.7726141267,89.407,29,RTK Fixed,7.177,1.0
2026-07-22T10:57:36.084568+00:00,10.8512341800,106.7726158050,88.32,29,RTK Fixed,6.935,1.1
2026-07-22T10:57:36.186215+00:00,10.8512342833,106.7726175783,87.563,29,RTK Fixed,6.701,1.2
2026-07-22T10:57:36.288061+00:00,10.8512343133,106.7726194033,88.306,29,RTK Fixed,6.903,1.3
2026-07-22T10:57:36.389342+00:00,10.8512344650,106.7726211450,87.141,29,RTK Fixed,7.087,1.4
2026-07-22T10:57:36.485841+00:00,10.8512347133,106.7726228917,86.355,29,RTK Fixed,6.916,1.5
2026-07-22T10:57:36.588758+00:00,10.8512349650,106.7726246550,84.906,29,RTK Fixed,6.787,0.6
2026-07-22T10:57:36.688441+00:00,10.8512351517,106.7726263350,82.913,29,RTK Fixed,6.91,0.7
2026-07-22T10:57:36.790420+00:00,10.8512354400,106.7726280533,81.664,29,RTK Fixed,6.653,0.8
2026-07-22T10:57:36.888761+00:00,10.8512358883,106.7726297667,80.319,29,RTK Fixed,6.922,0.9
2026-07-22T10:57:36.996216+00:00,10.8512362267,106.7726314567,79.496,29,RTK Fixed,6.755,1.0
2026-07-22T10:57:37.084441+00:00,10.8512365800,106.7726331000,78.17,29,RTK Fixed,6.886,1.1
2026-07-22T10:57:37.188406+00:00,10.8512370383,106.7726348567,76.817,29,RTK Fixed,6.611,1.2
2026-07-22T10:57:37.288707+00:00,10.8512374683,106.7726365183,75.134,29,RTK Fixed,7.115,1.3
2026-07-22T10:57:37.390660+00:00,10.8512379867,106.7726381150,73.756,29,RTK Fixed,6.746,1.4
2026-07-22T10:57:37.489935+00:00,10.8512385700,106.7726397700,72.658,29,RTK Fixed,6.708,1.5
2026-07-22T10:57:37.589174+00:00,10.8512391617,106.7726413800,71.009,29,RTK Fixed,6.614,0.6
2026-07-22T10:57:37.688316+00:00,10.8512398550,106.7726429950,69.411,29,RTK Fixed,6.785,0.7
2026-07-22T10:57:37.791423+00:00,10.8512404267,106.7726446133,67.794,29,RTK Fixed,6.839,0.8
2026-07-22T10:57:37.886396+00:00,10.8512412467,106.7726461567,66.393,29,RTK Fixed,6.877,0.9
2026-07-22T10:57:37.991976+00:00,10.8512420117,106.7726477033,65.005,29,RTK Fixed,6.872,1.0
2026-07-22T10:57:38.087303+00:00,10.8512427400,106.7726492983,63.416,29,RTK Fixed,6.856,1.1
2026-07-22T10:57:38.188780+00:00,10.8512435650,106.7726508367,61.85,29,RTK Fixed,6.986,1.2
2026-07-22T10:57:38.288495+00:00,10.8512445250,106.7726523933,60.535,29,RTK Fixed,6.863,1.3
2026-07-22T10:57:38.388281+00:00,10.8512454383,106.7726538300,58.825,29,RTK Fixed,7.117,1.4
2026-07-22T10:57:38.488359+00:00,10.8512464383,106.7726553250,57.391,29,RTK Fixed,6.596,1.5
2026-07-22T10:57:38.587973+00:00,10.8512474483,106.7726567383,55.683,29,RTK Fixed,7.209,0.6
2026-07-22T10:57:38.687546+00:00,10.8512484767,106.7726581783,54.09,29,RTK Fixed,7.001,0.7
2026-07-22T10:57:38.790024+00:00,10.8512495167,106.7726596217,52.397,30,RTK Fixed,6.904,0.8
2026-07-22T10:57:38.886464+00:00,10.8512507117,106.7726609200,50.188,30,RTK Fixed,6.936,0.9
2026-07-22T10:57:38.994033+00:00,10.8512518933,106.7726622500,48.6,30,RTK Fixed,6.938,1.0
2026-07-22T10:57:39.087580+00:00,10.8512530967,106.7726635667,46.771,30,RTK Fixed,7.148,1.1
2026-07-22T10:57:39.188703+00:00,10.8512543883,106.7726646733,44.464,30,RTK Fixed,6.992,1.2
2026-07-22T10:57:39.286227+00:00,10.8512557750,106.7726657750,43.245,30,RTK Fixed,6.886,1.3
2026-07-22T10:57:39.388411+00:00,10.8512572250,106.7726669000,40.961,30,RTK Fixed,6.853,1.4
2026-07-22T10:57:39.486388+00:00,10.8512585550,106.7726680533,39.31,30,RTK Fixed,7.323,1.5
2026-07-22T10:57:39.589398+00:00,10.8512600200,106.7726690733,37.309,30,RTK Fixed,6.949,0.6
2026-07-22T10:57:39.689385+00:00,10.8512615367,106.7726701350,35.406,31,RTK Fixed,7.224,0.7
2026-07-22T10:57:39.790753+00:00,10.8512630633,106.7726711717,33.469,31,RTK Fixed,7.211,0.8
2026-07-22T10:57:39.889221+00:00,10.8512646317,106.7726720783,31.293,31,RTK Fixed,7.415,0.9
2026-07-22T10:57:39.998779+00:00,10.8512662700,106.7726728500,29.481,31,RTK Fixed,7.252,1.0
2026-07-22T10:57:40.087995+00:00,10.8512680150,106.7726735317,27.13,32,RTK Fixed,7.241,1.1
2026-07-22T10:57:40.189285+00:00,10.8512696117,106.7726742817,25.421,32,RTK Fixed,7.459,1.2
2026-07-22T10:57:40.288138+00:00,10.8512712417,106.7726751583,24.443,32,RTK Fixed,7.166,1.3
2026-07-22T10:57:40.387137+00:00,10.8512730333,106.7726758900,22.521,32,RTK Fixed,7.359,1.4
2026-07-22T10:57:40.486069+00:00,10.8512747567,106.7726765500,21.329,32,RTK Fixed,7.675,1.5
2026-07-22T10:57:40.588499+00:00,10.8512764883,106.7726771017,20.41,32,RTK Fixed,7.448,0.6
2026-07-22T10:57:40.685952+00:00,10.8512783150,106.7726776733,19.298,32,RTK Fixed,7.213,0.7
2026-07-22T10:57:40.789559+00:00,10.8512801367,106.7726782417,18.297,32,RTK Fixed,7.588,0.8
2026-07-22T10:57:40.886120+00:00,10.8512820567,106.7726789583,17.631,32,RTK Fixed,7.561,0.9
2026-07-22T10:57:40.993252+00:00,10.8512838717,106.7726794250,16.146,32,RTK Fixed,8.094,1.0
2026-07-22T10:57:41.090054+00:00,10.8512857883,106.7726800000,15.636,31,RTK Fixed,7.686,1.1
2026-07-22T10:57:41.188564+00:00,10.8512876600,106.7726804283,14.549,31,RTK Fixed,7.703,1.2
2026-07-22T10:57:41.288378+00:00,10.8512895367,106.7726809250,14.133,31,RTK Fixed,7.854,1.3
2026-07-22T10:57:41.388716+00:00,10.8512914700,106.7726814167,13.821,31,RTK Fixed,7.691,1.4
2026-07-22T10:57:41.486837+00:00,10.8512933783,106.7726818983,14.107,31,RTK Fixed,7.781,1.5
2026-07-22T10:57:41.588334+00:00,10.8512953383,106.7726822133,14.01,31,RTK Fixed,7.94,0.6
2026-07-22T10:57:41.684761+00:00,10.8512972867,106.7726827133,13.984,31,RTK Fixed,7.884,0.7
2026-07-22T10:57:41.790572+00:00,10.8512991950,106.7726831417,13.535,31,RTK Fixed,7.884,0.8
2026-07-22T10:57:41.886735+00:00,10.8513011183,106.7726835500,13.495,31,RTK Fixed,7.764,0.9
2026-07-22T10:57:41.992458+00:00,10.8513030667,106.7726840750,12.987,31,RTK Fixed,8.03,1.0
2026-07-22T10:57:42.082348+00:00,10.8513050467,106.7726845767,13.005,30,RTK Fixed,8.165,1.1
2026-07-22T10:57:42.190018+00:00,10.8513069400,106.7726848950,13.122,31,RTK Fixed,8.117,1.2
2026-07-22T10:57:42.286630+00:00,10.8513087583,106.7726852700,12.858,31,RTK Fixed,7.696,1.3
2026-07-22T10:57:42.390439+00:00,10.8513107817,106.7726856717,12.426,31,RTK Fixed,7.271,1.4
2026-07-22T10:57:42.490963+00:00,10.8513127783,106.7726861550,12.015,31,RTK Fixed,8.159,1.5
2026-07-22T10:57:42.586846+00:00,10.8513148350,106.7726865000,11.459,31,RTK Fixed,8.185,0.6
2026-07-22T10:57:42.687811+00:00,10.8513168667,106.7726869167,11.565,31,RTK Fixed,8.523,0.7
2026-07-22T10:57:42.790115+00:00,10.8513189567,106.7726872583,10.972,31,RTK Fixed,8.226,0.8
2026-07-22T10:57:42.887121+00:00,10.8513209433,106.7726875433,9.743,31,RTK Fixed,8.62,0.9
2026-07-22T10:57:42.998625+00:00,10.8513228850,106.7726879767,10.033,31,RTK Fixed,8.105,1.0
2026-07-22T10:57:43.086017+00:00,10.8513249600,106.7726882583,9.546,30,RTK Fixed,7.807,1.1
2026-07-22T10:57:43.187346+00:00,10.8513267700,106.7726884900,9.361,31,RTK Fixed,8.301,1.2
2026-07-22T10:57:43.288509+00:00,10.8513286250,106.7726888483,9.414,31,RTK Fixed,7.259,1.3
2026-07-22T10:57:43.389770+00:00,10.8513306000,106.7726888033,8.811,32,RTK Fixed,7.293,1.4
2026-07-22T10:57:43.485854+00:00,10.8513325633,106.7726890017,9.877,32,RTK Fixed,7.621,1.5
2026-07-22T10:57:43.587471+00:00,10.8513347050,106.7726889333,9.611,32,RTK Fixed,7.971,0.6
2026-07-22T10:57:43.688972+00:00,10.8513368033,106.7726892383,10.435,32,RTK Fixed,8.695,0.7
2026-07-22T10:57:43.789948+00:00,10.8513388600,106.7726895850,10.353,31,RTK Fixed,8.401,0.8
2026-07-22T10:57:43.887075+00:00,10.8513409617,106.7726898450,10.347,32,RTK Fixed,8.389,0.9
2026-07-22T10:57:43.994182+00:00,10.8513429567,106.7726905200,10.391,32,RTK Fixed,8.334,1.0
2026-07-22T10:57:44.084778+00:00,10.8513449150,106.7726913050,10.116,32,RTK Fixed,8.419,1.1
2026-07-22T10:57:44.189807+00:00,10.8513468883,106.7726916650,8.903,32,RTK Fixed,8.562,1.2
2026-07-22T10:57:44.286711+00:00,10.8513487900,106.7726920900,9.025,32,RTK Fixed,8.114,1.3
2026-07-22T10:57:44.391251+00:00,10.8513507350,106.7726923867,8.522,32,RTK Fixed,7.79,1.4
2026-07-22T10:57:44.485846+00:00,10.8513527167,106.7726927600,8.419,32,RTK Fixed,7.889,1.5
2026-07-22T10:57:44.589813+00:00,10.8513547967,106.7726929633,7.551,32,RTK Fixed,7.913,0.6
2026-07-22T10:57:44.686966+00:00,10.8513567850,106.7726931333,7.188,32,RTK Fixed,8.497,0.7
2026-07-22T10:57:44.789254+00:00,10.8513587450,106.7726933000,7.281,32,RTK Fixed,8.013,0.8
2026-07-22T10:57:44.887300+00:00,10.8513607283,106.7726935467,7.741,32,RTK Fixed,7.882,0.9
2026-07-22T10:57:44.995833+00:00,10.8513627800,106.7726937867,7.274,32,RTK Fixed,7.883,1.0
2026-07-22T10:57:45.086967+00:00,10.8513648833,106.7726940150,7.481,32,RTK Fixed,8.381,1.1
2026-07-22T10:57:45.189771+00:00,10.8513668817,106.7726942750,7.292,32,RTK Fixed,8.359,1.2
2026-07-22T10:57:45.289555+00:00,10.8513688883,106.7726945067,7.235,31,RTK Fixed,8.114,1.3
2026-07-22T10:57:45.391056+00:00,10.8513708700,106.7726947417,6.764,32,RTK Fixed,7.915,1.4
2026-07-22T10:57:45.489351+00:00,10.8513729117,106.7726950683,6.889,32,RTK Fixed,8.012,1.5
2026-07-22T10:57:45.587778+00:00,10.8513749167,106.7726952483,6.871,33,RTK Fixed,8.298,0.6
2026-07-22T10:57:45.689173+00:00,10.8513770583,106.7726954833,7.294,33,RTK Fixed,8.147,0.7
2026-07-22T10:57:45.791586+00:00,10.8513790867,106.7726958467,7.151,33,RTK Fixed,8.661,0.8
2026-07-22T10:57:45.889388+00:00,10.8513811800,106.7726961317,7.133,33,RTK Fixed,8.21,0.9
2026-07-22T10:57:45.999608+00:00,10.8513832983,106.7726963783,7.352,33,RTK Fixed,8.289,1.0
2026-07-22T10:57:46.086236+00:00,10.8513853567,106.7726966750,7.235,33,RTK Fixed,8.264,1.1
2026-07-22T10:57:46.191367+00:00,10.8513874350,106.7726969183,7.121,33,RTK Fixed,8.273,1.2
2026-07-22T10:57:46.288446+00:00,10.8513895133,106.7726970483,7.068,33,RTK Fixed,8.294,1.3
2026-07-22T10:57:46.392012+00:00,10.8513916350,106.7726973467,7.096,33,RTK Fixed,8.484,1.4
2026-07-22T10:57:46.489294+00:00,10.8513936783,106.7726975267,6.185,33,RTK Fixed,8.462,1.5
2026-07-22T10:57:46.588469+00:00,10.8513957700,106.7726977300,6.072,33,RTK Fixed,8.318,0.6
2026-07-22T10:57:46.692078+00:00,10.8513978683,106.7726979983,6.023,32,RTK Fixed,8.358,0.7
2026-07-22T10:57:46.789433+00:00,10.8514000000,106.7726981950,5.359,32,RTK Fixed,8.274,0.8
2026-07-22T10:57:46.888751+00:00,10.8514021500,106.7726983033,4.671,32,RTK Fixed,8.482,0.9
2026-07-22T10:57:46.993384+00:00,10.8514043267,106.7726983650,4.778,32,RTK Fixed,8.616,1.0
2026-07-22T10:57:47.089146+00:00,10.8514064117,106.7726984917,4.752,32,RTK Fixed,8.746,1.1
2026-07-22T10:57:47.188286+00:00,10.8514085867,106.7726986883,4.661,32,RTK Fixed,8.478,1.2
2026-07-22T10:57:47.289046+00:00,10.8514107950,106.7726988717,4.565,32,RTK Fixed,8.321,1.3
2026-07-22T10:57:47.392182+00:00,10.8514129683,106.7726989650,4.77,33,RTK Fixed,8.804,1.4
2026-07-22T10:57:47.490289+00:00,10.8514151517,106.7726991233,4.812,31,RTK Fixed,8.64,1.5
2026-07-22T10:57:47.590991+00:00,10.8514173517,106.7726993750,5.604,32,RTK Fixed,8.814,0.6
2026-07-22T10:57:47.688856+00:00,10.8514194617,106.7726995917,5.355,31,RTK Fixed,8.876,0.7
2026-07-22T10:57:47.789937+00:00,10.8514216683,106.7726997833,5.889,31,RTK Fixed,8.465,0.8
2026-07-22T10:57:47.886742+00:00,10.8514238817,106.7726999933,5.997,31,RTK Fixed,8.85,0.9
2026-07-22T10:57:47.994924+00:00,10.8514260033,106.7727002000,5.91,31,RTK Fixed,8.83,1.0
2026-07-22T10:57:48.089423+00:00,10.8514282483,106.7727003883,6.052,30,RTK Fixed,8.395,1.1
2026-07-22T10:57:48.187827+00:00,10.8514304150,106.7727006200,6.587,31,RTK Fixed,8.752,1.2
2026-07-22T10:57:48.290736+00:00,10.8514326850,106.7727008050,6.822,31,RTK Fixed,8.771,1.3
2026-07-22T10:57:48.390090+00:00,10.8514349050,106.7727010183,6.609,30,RTK Fixed,9.119,1.4
2026-07-22T10:57:48.490298+00:00,10.8514371583,106.7727011950,6.35,31,RTK Fixed,8.817,1.5
2026-07-22T10:57:48.591550+00:00,10.8514393933,106.7727014083,6.203,31,RTK Fixed,8.92,0.6
2026-07-22T10:57:48.691405+00:00,10.8514416650,106.7727016250,6.472,31,RTK Fixed,8.959,0.7
2026-07-22T10:57:48.789930+00:00,10.8514439583,106.7727019183,7.616,31,RTK Fixed,9.036,0.8
2026-07-22T10:57:48.890674+00:00,10.8514461200,106.7727022983,7.052,31,RTK Fixed,9.395,0.9
2026-07-22T10:57:48.999679+00:00,10.8514483367,106.7727025783,7.589,31,RTK Fixed,8.859,1.0
2026-07-22T10:57:49.091018+00:00,10.8514505567,106.7727028367,7.492,32,RTK Fixed,8.916,1.1
2026-07-22T10:57:49.187857+00:00,10.8514528033,106.7727031250,8.054,31,RTK Fixed,8.941,1.2
2026-07-22T10:57:49.291115+00:00,10.8514550500,106.7727034950,8.458,31,RTK Fixed,9.144,1.3
2026-07-22T10:57:49.392124+00:00,10.8514572167,106.7727038700,8.196,32,RTK Fixed,9.033,1.4
2026-07-22T10:57:49.490028+00:00,10.8514594567,106.7727042217,8.575,32,RTK Fixed,8.828,1.5
2026-07-22T10:57:49.588427+00:00,10.8514618267,106.7727043917,7.843,32,RTK Fixed,9.008,0.6
2026-07-22T10:57:49.688973+00:00,10.8514641067,106.7727047700,8.319,31,RTK Fixed,9.425,0.7
2026-07-22T10:57:49.791633+00:00,10.8514663133,106.7727050750,7.399,32,RTK Fixed,9.41,0.8
2026-07-22T10:57:49.886318+00:00,10.8514684783,106.7727053500,7.791,30,RTK Fixed,8.986,0.9
2026-07-22T10:57:49.995454+00:00,10.8514707633,106.7727057183,7.968,32,RTK Fixed,8.583,1.0
2026-07-22T10:57:50.090568+00:00,10.8514729767,106.7727060083,7.263,32,RTK Fixed,9.165,1.1
2026-07-22T10:57:50.190448+00:00,10.8514753133,106.7727062133,6.623,31,RTK Fixed,9.03,1.2
2026-07-22T10:57:50.290308+00:00,10.8514775933,106.7727064917,6.819,31,RTK Fixed,9.441,1.3
2026-07-22T10:57:50.390063+00:00,10.8514799783,106.7727066300,6.859,32,RTK Fixed,9.078,1.4
2026-07-22T10:57:50.489033+00:00,10.8514822333,106.7727070383,6.938,31,RTK Fixed,9.325,1.5
2026-07-22T10:57:50.590853+00:00,10.8514846600,106.7727071167,5.939,31,RTK Fixed,9.143,0.6
2026-07-22T10:57:50.691528+00:00,10.8514869250,106.7727074600,6.583,32,RTK Fixed,9.73,0.7
2026-07-22T10:57:50.789816+00:00,10.8514891817,106.7727076500,6.886,32,RTK Fixed,9.16,0.8
2026-07-22T10:57:50.890182+00:00,10.8514914367,106.7727082067,7.206,31,RTK Fixed,9.094,0.9
2026-07-22T10:57:50.991305+00:00,10.8514937117,106.7727082933,6.046,32,RTK Fixed,9.268,1.0
2026-07-22T10:57:51.088801+00:00,10.8514960167,106.7727085583,6.179,32,RTK Fixed,8.979,1.1
2026-07-22T10:57:51.189258+00:00,10.8514983450,106.7727087117,6.3,32,RTK Fixed,9.054,1.2
2026-07-22T10:57:51.290343+00:00,10.8515006183,106.7727090133,5.685,31,RTK Fixed,9.225,1.3
2026-07-22T10:57:51.388884+00:00,10.8515029817,106.7727092833,6.069,30,RTK Fixed,9.182,1.4
2026-07-22T10:57:51.492867+00:00,10.8515052917,106.7727095317,6.34,32,RTK Fixed,9.509,1.5
2026-07-22T10:57:51.588464+00:00,10.8515076000,106.7727098167,6.857,32,RTK Fixed,9.285,0.6
2026-07-22T10:57:51.688188+00:00,10.8515098617,106.7727100283,6.976,32,RTK Fixed,9.502,0.7
2026-07-22T10:57:51.791839+00:00,10.8515121567,106.7727102800,7.181,32,RTK Fixed,9.297,0.8
2026-07-22T10:57:51.890054+00:00,10.8515144600,106.7727106800,7.55,31,RTK Fixed,9.317,0.9
2026-07-22T10:57:51.997881+00:00,10.8515168033,106.7727109800,7.545,31,RTK Fixed,9.234,1.0
2026-07-22T10:57:52.088282+00:00,10.8515191117,106.7727112517,7.963,31,RTK Fixed,9.299,1.1
2026-07-22T10:57:52.190169+00:00,10.8515214317,106.7727116217,8.266,31,RTK Fixed,9.272,1.2
2026-07-22T10:57:52.289592+00:00,10.8515237683,106.7727119550,7.559,31,RTK Fixed,9.369,1.3
2026-07-22T10:57:52.389957+00:00,10.8515260250,106.7727122550,7.413,31,RTK Fixed,9.487,1.4
2026-07-22T10:57:52.488379+00:00,10.8515283367,106.7727125833,7.72,31,RTK Fixed,9.198,1.5
2026-07-22T10:57:52.591284+00:00,10.8515306650,106.7727128483,7.517,30,RTK Fixed,9.21,0.6
2026-07-22T10:57:52.690583+00:00,10.8515330083,106.7727131333,7.549,31,RTK Fixed,9.248,0.7
2026-07-22T10:57:52.790650+00:00,10.8515354283,106.7727133200,7.222,32,RTK Fixed,9.515,0.8
2026-07-22T10:57:52.889248+00:00,10.8515377567,106.7727135300,6.896,32,RTK Fixed,9.683,0.9
2026-07-22T10:57:52.993652+00:00,10.8515400383,106.7727138167,6.657,31,RTK Fixed,9.235,1.0
2026-07-22T10:57:53.084528+00:00,10.8515423583,106.7727140633,6.67,32,RTK Fixed,9.335,1.1
2026-07-22T10:57:53.189647+00:00,10.8515447050,106.7727143217,6.668,31,RTK Fixed,9.28,1.2
2026-07-22T10:57:53.288712+00:00,10.8515470500,106.7727145467,6.513,32,RTK Fixed,9.418,1.3
2026-07-22T10:57:53.390711+00:00,10.8515493550,106.7727147967,6.545,32,RTK Fixed,9.249,1.4
2026-07-22T10:57:53.489777+00:00,10.8515517450,106.7727150050,6.681,32,RTK Fixed,9.265,1.5
2026-07-22T10:57:53.591408+00:00,10.8515540800,106.7727152367,7.24,32,RTK Fixed,9.526,1.6
2026-07-22T10:57:53.691736+00:00,10.8515564033,106.7727155450,7.529,32,RTK Fixed,9.324,0.7
2026-07-22T10:57:53.791155+00:00,10.8515587017,106.7727157250,7.122,32,RTK Fixed,9.363,0.8
2026-07-22T10:57:53.890485+00:00,10.8515610867,106.7727159933,7.357,32,RTK Fixed,9.229,0.9
2026-07-22T10:57:53.994681+00:00,10.8515633967,106.7727162967,7.356,32,RTK Fixed,9.604,1.0
2026-07-22T10:57:54.091314+00:00,10.8515657433,106.7727165917,7.183,31,RTK Fixed,9.281,1.1
2026-07-22T10:57:54.188691+00:00,10.8515680367,106.7727169067,7.134,31,RTK Fixed,9.528,1.2
2026-07-22T10:57:54.289227+00:00,10.8515703850,106.7727171733,6.747,30,RTK Fixed,9.147,1.3
2026-07-22T10:57:54.389333+00:00,10.8515726717,106.7727173950,6.844,30,RTK Fixed,9.469,1.4
2026-07-22T10:57:54.489391+00:00,10.8515749983,106.7727176800,6.477,30,RTK Fixed,9.114,1.5
2026-07-22T10:57:54.590317+00:00,10.8515773317,106.7727179333,6.616,30,RTK Fixed,9.398,1.6
2026-07-22T10:57:54.685601+00:00,10.8515796950,106.7727181583,6.148,30,RTK Fixed,9.321,0.7
2026-07-22T10:57:54.789488+00:00,10.8515820583,106.7727184300,6.278,30,RTK Fixed,9.514,0.8
2026-07-22T10:57:54.886461+00:00,10.8515843950,106.7727185817,6.105,29,RTK Fixed,9.484,0.9
2026-07-22T10:57:54.998137+00:00,10.8515867200,106.7727188450,6.202,30,RTK Fixed,9.305,1.0
2026-07-22T10:57:55.087619+00:00,10.8515890817,106.7727191250,6.247,29,RTK Fixed,9.349,1.1
2026-07-22T10:57:55.187436+00:00,10.8515914450,106.7727194083,6.367,30,RTK Fixed,9.34,1.2
2026-07-22T10:57:55.290670+00:00,10.8515938200,106.7727196350,6.314,30,RTK Fixed,9.507,1.3
2026-07-22T10:57:55.390669+00:00,10.8515961617,106.7727198383,6.454,30,RTK Fixed,9.464,1.4
2026-07-22T10:57:55.488482+00:00,10.8515985200,106.7727200933,6.644,29,RTK Fixed,9.491,1.5
2026-07-22T10:57:55.590013+00:00,10.8516008983,106.7727203533,6.554,30,RTK Fixed,9.42,1.6
2026-07-22T10:57:55.689132+00:00,10.8516032383,106.7727206467,6.559,30,RTK Fixed,9.593,0.7
2026-07-22T10:57:55.789616+00:00,10.8516055833,106.7727209083,6.532,30,RTK Fixed,9.363,0.8
2026-07-22T10:57:55.889024+00:00,10.8516079350,106.7727211717,6.637,30,RTK Fixed,9.451,0.9
2026-07-22T10:57:55.994362+00:00,10.8516103550,106.7727214150,6.635,30,RTK Fixed,9.354,1.0
2026-07-22T10:57:56.089071+00:00,10.8516127667,106.7727217250,6.766,29,RTK Fixed,9.71,1.1
2026-07-22T10:57:56.189420+00:00,10.8516152117,106.7727219550,6.646,31,RTK Fixed,9.703,0.2
2026-07-22T10:57:56.287417+00:00,10.8516177000,106.7727221717,6.877,31,RTK Fixed,9.876,0.3
2026-07-22T10:57:56.388212+00:00,10.8516201667,106.7727223467,6.539,30,RTK Fixed,9.947,0.4
2026-07-22T10:57:56.489845+00:00,10.8516225233,106.7727225800,6.912,30,RTK Fixed,9.844,0.5
2026-07-22T10:57:56.591053+00:00,10.8516248500,106.7727228367,7.02,30,RTK Fixed,9.325,0.6
2026-07-22T10:57:56.688833+00:00,10.8516270717,106.7727231083,7.479,29,RTK Fixed,9.228,0.7
2026-07-22T10:57:56.791968+00:00,10.8516294983,106.7727233150,8.093,31,RTK Fixed,8.787,0.8
2026-07-22T10:57:56.889504+00:00,10.8516318667,106.7727233500,8.2,31,RTK Fixed,9.683,0.9
2026-07-22T10:57:56.994255+00:00,10.8516343233,106.7727234900,9.305,30,RTK Fixed,9.481,1.0
2026-07-22T10:57:57.085686+00:00,10.8516367567,106.7727237867,9.493,30,RTK Fixed,9.928,1.1
2026-07-22T10:57:57.190493+00:00,10.8516392150,106.7727242833,10.036,30,RTK Fixed,9.756,0.2
2026-07-22T10:57:57.292283+00:00,10.8516416433,106.7727248750,9.909,29,RTK Fixed,10.117,0.3
2026-07-22T10:57:57.390451+00:00,10.8516439400,106.7727257017,10.378,30,RTK Fixed,9.925,0.4
2026-07-22T10:57:57.488822+00:00,10.8516461583,106.7727262617,9.458,30,RTK Fixed,9.839,0.5
2026-07-22T10:57:57.590545+00:00,10.8516484450,106.7727268050,9.344,29,RTK Fixed,9.11,0.6
2026-07-22T10:57:57.690024+00:00,10.8516507667,106.7727273017,8.618,30,RTK Fixed,9.284,0.7
2026-07-22T10:57:57.792034+00:00,10.8516531767,106.7727277150,8.201,29,RTK Fixed,9.35,0.8
2026-07-22T10:57:57.889401+00:00,10.8516555417,106.7727280183,7.644,28,RTK Fixed,9.822,0.9
2026-07-22T10:57:57.997687+00:00,10.8516578583,106.7727283050,7.402,28,RTK Fixed,9.568,1.0
2026-07-22T10:57:58.088201+00:00,10.8516602283,106.7727285767,7.174,30,RTK Fixed,9.323,1.1
2026-07-22T10:57:58.191278+00:00,10.8516625850,106.7727287800,6.957,29,RTK Fixed,9.327,0.2
2026-07-22T10:57:58.289045+00:00,10.8516649317,106.7727289517,6.653,29,RTK Fixed,9.406,0.3
2026-07-22T10:57:58.390093+00:00,10.8516672783,106.7727291283,6.524,29,RTK Fixed,9.306,0.4
2026-07-22T10:57:58.488263+00:00,10.8516695983,106.7727293767,6.729,29,RTK Fixed,9.27,0.5
2026-07-22T10:57:58.589991+00:00,10.8516719367,106.7727296350,6.515,29,RTK Fixed,9.303,0.6
2026-07-22T10:57:58.686221+00:00,10.8516743133,106.7727298833,6.609,29,RTK Fixed,9.378,0.7
2026-07-22T10:57:58.789074+00:00,10.8516766933,106.7727301300,6.755,29,RTK Fixed,9.435,0.8
2026-07-22T10:57:58.887655+00:00,10.8516790367,106.7727303517,6.731,30,RTK Fixed,9.541,0.9
2026-07-22T10:57:58.997649+00:00,10.8516813767,106.7727306217,6.646,30,RTK Fixed,9.464,1.0
2026-07-22T10:57:59.090351+00:00,10.8516837400,106.7727308933,6.844,29,RTK Fixed,9.396,1.1
2026-07-22T10:57:59.190690+00:00,10.8516861117,106.7727311750,6.743,29,RTK Fixed,9.49,0.2
2026-07-22T10:57:59.291862+00:00,10.8516884750,106.7727313883,6.793,29,RTK Fixed,9.528,0.3
2026-07-22T10:57:59.391404+00:00,10.8516907900,106.7727316700,6.916,28,RTK Fixed,9.457,0.4
2026-07-22T10:57:59.487158+00:00,10.8516931583,106.7727318733,6.734,28,RTK Fixed,9.209,0.5
2026-07-22T10:57:59.589677+00:00,10.8516955450,106.7727320850,7.217,27,RTK Fixed,9.463,0.6
2026-07-22T10:57:59.686374+00:00,10.8516978733,106.7727323817,7.32,27,RTK Fixed,9.514,0.7
2026-07-22T10:57:59.791448+00:00,10.8517002333,106.7727325550,6.931,28,RTK Fixed,9.495,0.8
2026-07-22T10:57:59.888767+00:00,10.8517025400,106.7727328533,6.756,29,RTK Fixed,9.401,0.9
2026-07-22T10:57:59.994692+00:00,10.8517049067,106.7727331317,6.715,28,RTK Fixed,9.255,1.0
2026-07-22T10:58:00.088735+00:00,10.8517072850,106.7727333450,6.386,28,RTK Fixed,9.461,1.1
2026-07-22T10:58:00.189658+00:00,10.8517096550,106.7727335167,6.17,28,RTK Fixed,9.53,0.2
2026-07-22T10:58:00.290257+00:00,10.8517119767,106.7727337350,6.249,29,RTK Fixed,9.484,0.3
2026-07-22T10:58:00.391062+00:00,10.8517143433,106.7727339367,6.231,28,RTK Fixed,9.317,0.4
2026-07-22T10:58:00.487913+00:00,10.8517166783,106.7727341383,5.665,29,RTK Fixed,9.41,0.5
2026-07-22T10:58:00.591118+00:00,10.8517190283,106.7727343133,5.696,28,RTK Fixed,9.324,0.6
2026-07-22T10:58:00.688693+00:00,10.8517213483,106.7727346217,5.925,29,RTK Fixed,9.35,0.7
2026-07-22T10:58:00.792332+00:00,10.8517237033,106.7727349150,5.984,29,RTK Fixed,9.392,0.8
2026-07-22T10:58:00.889340+00:00,10.8517260517,106.7727351183,5.989,28,RTK Fixed,9.443,0.9
2026-07-22T10:58:00.998127+00:00,10.8517283650,106.7727354583,6.538,29,RTK Fixed,9.368,1.0
2026-07-22T10:58:01.090466+00:00,10.8517307000,106.7727356733,6.119,30,RTK Fixed,9.306,1.1
2026-07-22T10:58:01.189871+00:00,10.8517330167,106.7727360233,6.895,31,RTK Fixed,9.257,0.2
2026-07-22T10:58:01.290724+00:00,10.8517353767,106.7727362850,6.45,28,RTK Fixed,9.344,0.3
2026-07-22T10:58:01.391756+00:00,10.8517377283,106.7727364983,6.228,29,RTK Fixed,9.527,0.4
2026-07-22T10:58:01.490993+00:00,10.8517400183,106.7727367650,6.52,28,RTK Fixed,9.383,0.5
2026-07-22T10:58:01.590105+00:00,10.8517423783,106.7727370133,6.159,28,RTK Fixed,9.193,0.6
2026-07-22T10:58:01.689451+00:00,10.8517447167,106.7727372633,6.185,29,RTK Fixed,9.376,0.7
2026-07-22T10:58:01.790870+00:00,10.8517471067,106.7727374117,5.908,28,RTK Fixed,9.368,0.8
2026-07-22T10:58:01.887921+00:00,10.8517495067,106.7727375633,5.928,28,RTK Fixed,9.643,0.9
2026-07-22T10:58:01.996183+00:00,10.8517518533,106.7727377700,6.248,29,RTK Fixed,9.619,1.0
2026-07-22T10:58:02.085395+00:00,10.8517541833,106.7727379750,6.331,26,RTK Fixed,9.405,1.1
2026-07-22T10:58:02.192219+00:00,10.8517565267,106.7727382650,6.439,29,RTK Fixed,9.288,0.2
2026-07-22T10:58:02.293972+00:00,10.8517588933,106.7727384833,6.389,29,RTK Fixed,9.378,0.3
2026-07-22T10:58:02.393830+00:00,10.8517613083,106.7727387350,6.76,28,RTK Fixed,9.495,0.4
2026-07-22T10:58:02.492147+00:00,10.8517636217,106.7727390483,6.749,29,RTK Fixed,9.614,0.5
2026-07-22T10:58:02.604649+00:00,10.8517659350,106.7727392283,6.85,29,RTK Fixed,9.405,0.6
2026-07-22T10:58:02.688248+00:00,10.8517682983,106.7727395833,7.425,29,RTK Fixed,9.301,0.7
2026-07-22T10:58:02.791508+00:00,10.8517707333,106.7727399250,7.156,31,RTK Fixed,9.389,0.8
2026-07-22T10:58:02.891692+00:00,10.8517731000,106.7727402700,7.44,31,RTK Fixed,9.76,0.9
2026-07-22T10:58:02.997508+00:00,10.8517754267,106.7727405117,7.052,31,RTK Fixed,9.569,1.0
2026-07-22T10:58:03.091685+00:00,10.8517777883,106.7727407667,7.209,31,RTK Fixed,9.378,1.1
2026-07-22T10:58:03.190228+00:00,10.8517801550,106.7727410950,7.387,31,RTK Fixed,9.282,0.2
2026-07-22T10:58:03.292762+00:00,10.8517825600,106.7727413500,6.74,31,RTK Fixed,9.526,0.3
2026-07-22T10:58:03.393543+00:00,10.8517849550,106.7727415633,6.529,31,RTK Fixed,9.72,0.4
2026-07-22T10:58:03.492531+00:00,10.8517872983,106.7727418517,6.487,31,RTK Fixed,9.599,0.5
2026-07-22T10:58:03.595114+00:00,10.8517896283,106.7727421817,6.363,31,RTK Fixed,9.375,0.6
2026-07-22T10:58:03.690308+00:00,10.8517920500,106.7727423700,6.525,31,RTK Fixed,9.324,0.7
2026-07-22T10:58:03.794596+00:00,10.8517945033,106.7727425983,7.172,31,RTK Fixed,9.694,0.8
2026-07-22T10:58:03.891663+00:00,10.8517968433,106.7727428000,7.384,31,RTK Fixed,9.788,0.9
2026-07-22T10:58:04.001192+00:00,10.8517992333,106.7727430933,7.468,30,RTK Fixed,9.424,1.0
2026-07-22T10:58:04.091375+00:00,10.8518016300,106.7727434667,7.725,30,RTK Fixed,9.531,1.1
2026-07-22T10:58:04.192116+00:00,10.8518039867,106.7727437117,7.035,31,RTK Fixed,9.567,0.2
2026-07-22T10:58:04.294421+00:00,10.8518063767,106.7727440917,7.539,31,RTK Fixed,9.596,0.3
2026-07-22T10:58:04.393839+00:00,10.8518087200,106.7727443467,7.436,31,RTK Fixed,9.726,0.4
2026-07-22T10:58:04.488851+00:00,10.8518111250,106.7727446600,7.423,30,RTK Fixed,9.437,0.5
2026-07-22T10:58:04.594030+00:00,10.8518134850,106.7727449467,7.506,30,RTK Fixed,9.564,0.6
2026-07-22T10:58:04.688417+00:00,10.8518158650,106.7727452833,7.898,29,RTK Fixed,9.461,0.7
2026-07-22T10:58:04.790576+00:00,10.8518182983,106.7727455750,8.226,29,RTK Fixed,9.604,0.8
2026-07-22T10:58:04.888288+00:00,10.8518206150,106.7727459050,8.458,29,RTK Fixed,9.676,0.9
2026-07-22T10:58:04.996686+00:00,10.8518229733,106.7727462183,8.385,29,RTK Fixed,9.334,1.0
2026-07-22T10:58:05.087819+00:00,10.8518253317,106.7727466400,8.502,29,RTK Fixed,9.53,1.1
2026-07-22T10:58:05.192753+00:00,10.8518276633,106.7727469950,8.496,29,RTK Fixed,9.581,1.2
2026-07-22T10:58:05.294188+00:00,10.8518300367,106.7727473967,8.568,30,RTK Fixed,9.362,0.3
2026-07-22T10:58:05.394084+00:00,10.8518323950,106.7727477400,8.645,30,RTK Fixed,9.593,0.4
2026-07-22T10:58:05.494154+00:00,10.8518347583,106.7727480600,8.19,30,RTK Fixed,9.519,0.5
2026-07-22T10:58:05.593755+00:00,10.8518370833,106.7727484117,8.12,29,RTK Fixed,9.592,0.6
2026-07-22T10:58:05.691387+00:00,10.8518394550,106.7727486983,7.762,29,RTK Fixed,9.301,0.7
2026-07-22T10:58:05.793772+00:00,10.8518417917,106.7727490867,7.807,31,RTK Fixed,9.425,0.8
2026-07-22T10:58:05.891530+00:00,10.8518442017,106.7727493767,7.148,31,RTK Fixed,9.435,0.9
2026-07-22T10:58:05.997580+00:00,10.8518465350,106.7727496617,7.183,29,RTK Fixed,9.679,1.0
2026-07-22T10:58:06.092338+00:00,10.8518488950,106.7727499750,6.814,29,RTK Fixed,9.413,1.1
2026-07-22T10:58:06.192625+00:00,10.8518512767,106.7727502300,6.794,28,RTK Fixed,9.454,1.2
2026-07-22T10:58:06.292503+00:00,10.8518536967,106.7727503833,6.164,28,RTK Fixed,9.537,0.3
2026-07-22T10:58:06.392379+00:00,10.8518561133,106.7727506267,6.383,28,RTK Fixed,9.614,0.4
2026-07-22T10:58:06.489444+00:00,10.8518585317,106.7727508600,6.224,29,RTK Fixed,9.682,0.5
2026-07-22T10:58:06.593178+00:00,10.8518608700,106.7727511400,6.113,29,RTK Fixed,9.691,0.6
2026-07-22T10:58:06.689501+00:00,10.8518632533,106.7727513350,5.831,29,RTK Fixed,9.419,0.7
2026-07-22T10:58:06.793833+00:00,10.8518656383,106.7727514583,5.716,29,RTK Fixed,9.584,0.8
2026-07-22T10:58:06.890473+00:00,10.8518680450,106.7727516600,5.871,30,RTK Fixed,9.485,0.9
2026-07-22T10:58:07.001018+00:00,10.8518704200,106.7727518233,5.47,28,RTK Fixed,9.617,1.0
2026-07-22T10:58:07.090007+00:00,10.8518728133,106.7727520817,5.405,29,RTK Fixed,9.488,1.1
2026-07-22T10:58:07.193452+00:00,10.8518751850,106.7727522767,5.383,29,RTK Fixed,9.636,1.2
2026-07-22T10:58:07.292192+00:00,10.8518775583,106.7727524350,5.294,30,RTK Fixed,9.518,0.3
2026-07-22T10:58:07.393603+00:00,10.8518799667,106.7727526583,5.862,29,RTK Fixed,9.485,0.4
2026-07-22T10:58:07.491021+00:00,10.8518823633,106.7727528000,5.845,29,RTK Fixed,9.653,0.5
2026-07-22T10:58:07.592555+00:00,10.8518848100,106.7727530533,6.15,28,RTK Fixed,9.546,0.6
2026-07-22T10:58:07.692709+00:00,10.8518871683,106.7727533233,6.195,30,RTK Fixed,9.831,0.7
2026-07-22T10:58:07.793256+00:00,10.8518895783,106.7727535567,6.254,28,RTK Fixed,9.47,0.8
2026-07-22T10:58:07.888045+00:00,10.8518920067,106.7727537933,6.477,27,RTK Fixed,9.706,0.9
2026-07-22T10:58:07.995073+00:00,10.8518944150,106.7727540983,6.561,27,RTK Fixed,9.66,1.0
2026-07-22T10:58:08.089569+00:00,10.8518968450,106.7727543067,6.561,27,RTK Fixed,9.652,1.1
2026-07-22T10:58:08.192381+00:00,10.8518992183,106.7727545600,6.727,28,RTK Fixed,9.684,1.2
2026-07-22T10:58:08.292283+00:00,10.8519016283,106.7727548867,6.954,29,RTK Fixed,9.487,0.3
2026-07-22T10:58:08.392400+00:00,10.8519040217,106.7727551800,6.55,29,RTK Fixed,9.773,0.4
2026-07-22T10:58:08.490998+00:00,10.8519064867,106.7727553867,6.45,30,RTK Fixed,9.646,0.5
2026-07-22T10:58:08.592477+00:00,10.8519088617,106.7727557333,6.632,30,RTK Fixed,9.821,0.6
2026-07-22T10:58:08.689695+00:00,10.8519112617,106.7727560467,6.504,29,RTK Fixed,9.611,0.7
2026-07-22T10:58:08.792259+00:00,10.8519136767,106.7727562050,6.059,29,RTK Fixed,9.679,0.8
2026-07-22T10:58:08.892352+00:00,10.8519160933,106.7727564300,6.573,30,RTK Fixed,9.679,0.9
2026-07-22T10:58:08.995224+00:00,10.8519185183,106.7727566750,6.769,30,RTK Fixed,9.723,1.0
2026-07-22T10:58:09.087930+00:00,10.8519209067,106.7727569650,7.099,29,RTK Fixed,9.752,1.1
2026-07-22T10:58:09.191008+00:00,10.8519232933,106.7727572567,7.27,28,RTK Fixed,9.531,1.2
2026-07-22T10:58:09.290685+00:00,10.8519257150,106.7727575333,7.532,28,RTK Fixed,9.593,0.3
2026-07-22T10:58:09.392844+00:00,10.8519281183,106.7727578100,7.841,28,RTK Fixed,9.798,0.4
2026-07-22T10:58:09.491455+00:00,10.8519305850,106.7727581417,7.859,29,RTK Fixed,9.754,0.5
2026-07-22T10:58:09.592666+00:00,10.8519329867,106.7727585333,7.829,31,RTK Fixed,9.924,0.6
2026-07-22T10:58:09.691411+00:00,10.8519354183,106.7727589417,7.854,29,RTK Fixed,9.63,0.7
2026-07-22T10:58:09.792806+00:00,10.8519378333,106.7727592383,7.743,31,RTK Fixed,9.731,0.8
2026-07-22T10:58:09.887435+00:00,10.8519402983,106.7727595217,7.654,28,RTK Fixed,9.703,0.9
2026-07-22T10:58:09.999127+00:00,10.8519427500,106.7727598383,7.644,29,RTK Fixed,9.831,1.0
2026-07-22T10:58:10.087499+00:00,10.8519452000,106.7727601500,7.648,29,RTK Fixed,9.749,1.1
2026-07-22T10:58:10.193459+00:00,10.8519476033,106.7727604317,7.791,29,RTK Fixed,9.864,1.2
2026-07-22T10:58:10.292434+00:00,10.8519500483,106.7727607133,7.465,30,RTK Fixed,9.647,1.3
2026-07-22T10:58:10.393323+00:00,10.8519524533,106.7727609200,7.328,30,RTK Fixed,9.738,1.4
2026-07-22T10:58:10.492016+00:00,10.8519548933,106.7727612050,7.11,29,RTK Fixed,9.573,1.5
2026-07-22T10:58:10.593198+00:00,10.8519573217,106.7727615383,6.727,31,RTK Fixed,9.893,1.6
2026-07-22T10:58:10.692702+00:00,10.8519597733,106.7727618300,6.333,32,RTK Fixed,9.757,1.7
2026-07-22T10:58:10.795951+00:00,10.8519622117,106.7727620183,5.981,31,RTK Fixed,9.918,0.8
2026-07-22T10:58:10.892036+00:00,10.8519646617,106.7727622367,6.137,30,RTK Fixed,9.819,0.9
2026-07-22T10:58:10.997471+00:00,10.8519671350,106.7727624550,6.157,31,RTK Fixed,9.721,1.0
2026-07-22T10:58:11.094258+00:00,10.8519696083,106.7727627183,6.011,31,RTK Fixed,9.877,1.1
2026-07-22T10:58:11.191546+00:00,10.8519720450,106.7727629783,6.489,32,RTK Fixed,9.881,1.2
2026-07-22T10:58:11.291842+00:00,10.8519744883,106.7727631550,6.622,32,RTK Fixed,9.573,0.3
2026-07-22T10:58:11.393361+00:00,10.8519770417,106.7727633333,6.896,31,RTK Fixed,9.82,0.4
2026-07-22T10:58:11.493493+00:00,10.8519795050,106.7727635267,6.425,31,RTK Fixed,10.187,0.5
2026-07-22T10:58:11.594192+00:00,10.8519819000,106.7727638833,7.329,31,RTK Fixed,10.008,0.6
2026-07-22T10:58:11.691028+00:00,10.8519843233,106.7727640417,6.69,30,RTK Fixed,9.738,0.7
2026-07-22T10:58:11.794086+00:00,10.8519866650,106.7727643450,7.376,32,RTK Fixed,9.541,0.8
2026-07-22T10:58:11.893175+00:00,10.8519890467,106.7727647383,7.94,32,RTK Fixed,9.285,0.9
2026-07-22T10:58:11.997084+00:00,10.8519914300,106.7727648350,7.454,32,RTK Fixed,9.696,1.0
2026-07-22T10:58:12.091136+00:00,10.8519938350,106.7727650167,7.967,32,RTK Fixed,9.525,1.1
2026-07-22T10:58:12.194453+00:00,10.8519963117,106.7727653383,8.455,30,RTK Fixed,9.67,1.2
2026-07-22T10:58:12.289772+00:00,10.8519987600,106.7727656367,8.507,30,RTK Fixed,9.882,0.3
2026-07-22T10:58:12.393248+00:00,10.8520011483,106.7727661650,9.414,30,RTK Fixed,10.121,0.4
2026-07-22T10:58:12.492517+00:00,10.8520034917,106.7727668483,9.101,30,RTK Fixed,9.739,0.5
2026-07-22T10:58:12.590100+00:00,10.8520058433,106.7727674067,9.013,29,RTK Fixed,9.852,0.6
2026-07-22T10:58:12.691401+00:00,10.8520081417,106.7727679150,8.862,29,RTK Fixed,9.487,0.7
2026-07-22T10:58:12.793645+00:00,10.8520104917,106.7727683917,8.337,29,RTK Fixed,9.292,0.8
2026-07-22T10:58:12.891297+00:00,10.8520128750,106.7727687600,7.878,28,RTK Fixed,9.527,0.9
2026-07-22T10:58:13.000710+00:00,10.8520152700,106.7727690550,7.557,29,RTK Fixed,9.6,1.0
2026-07-22T10:58:13.089483+00:00,10.8520177400,106.7727693517,6.922,30,RTK Fixed,9.574,1.1
2026-07-22T10:58:13.193526+00:00,10.8520201900,106.7727695700,6.422,29,RTK Fixed,9.643,1.2
2026-07-22T10:58:13.292089+00:00,10.8520225400,106.7727698817,6.408,28,RTK Fixed,9.452,0.3
2026-07-22T10:58:13.393917+00:00,10.8520248983,106.7727700600,5.804,29,RTK Fixed,9.382,0.4
2026-07-22T10:58:13.490047+00:00,10.8520273067,106.7727702383,5.923,29,RTK Fixed,9.43,0.5
2026-07-22T10:58:13.594675+00:00,10.8520297317,106.7727705583,5.891,29,RTK Fixed,9.575,0.6
2026-07-22T10:58:13.693548+00:00,10.8520320617,106.7727708117,5.921,30,RTK Fixed,9.645,0.7
2026-07-22T10:58:13.796089+00:00,10.8520344200,106.7727709033,5.475,30,RTK Fixed,9.32,0.8
2026-07-22T10:58:13.890030+00:00,10.8520367833,106.7727710583,5.565,30,RTK Fixed,9.389,0.9
2026-07-22T10:58:13.998422+00:00,10.8520392550,106.7727712300,5.64,30,RTK Fixed,9.387,1.0
2026-07-22T10:58:14.093680+00:00,10.8520416300,106.7727715367,5.751,30,RTK Fixed,9.85,1.1
2026-07-22T10:58:14.194990+00:00,10.8520439917,106.7727718300,5.835,30,RTK Fixed,9.568,1.2
2026-07-22T10:58:14.294805+00:00,10.8520463150,106.7727720967,6.407,31,RTK Fixed,9.601,1.3
2026-07-22T10:58:14.394328+00:00,10.8520487317,106.7727723650,6.733,30,RTK Fixed,9.298,1.4
2026-07-22T10:58:14.494797+00:00,10.8520511617,106.7727724517,6.971,31,RTK Fixed,9.44,1.5
2026-07-22T10:58:14.594183+00:00,10.8520534850,106.7727726817,7.283,30,RTK Fixed,9.649,1.6
2026-07-22T10:58:14.693179+00:00,10.8520558417,106.7727730283,7.284,30,RTK Fixed,9.528,1.7
2026-07-22T10:58:14.796239+00:00,10.8520582267,106.7727734167,7.401,30,RTK Fixed,9.432,0.8
2026-07-22T10:58:14.895060+00:00,10.8520605783,106.7727736867,6.99,30,RTK Fixed,9.613,0.9
2026-07-22T10:58:15.000089+00:00,10.8520629433,106.7727739400,5.984,30,RTK Fixed,9.65,1.0
2026-07-22T10:58:15.094137+00:00,10.8520653550,106.7727742483,5.819,30,RTK Fixed,9.589,1.1
2026-07-22T10:58:15.195914+00:00,10.8520677317,106.7727744450,6.238,30,RTK Fixed,9.764,1.2
2026-07-22T10:58:15.293850+00:00,10.8520701017,106.7727747450,6.063,31,RTK Fixed,9.601,0.3
2026-07-22T10:58:15.394764+00:00,10.8520724533,106.7727748083,5.711,32,RTK Fixed,9.529,0.4
2026-07-22T10:58:15.492464+00:00,10.8520748500,106.7727750917,5.273,32,RTK Fixed,9.206,0.5
2026-07-22T10:58:15.596110+00:00,10.8520772617,106.7727753733,4.818,32,RTK Fixed,9.487,0.6
2026-07-22T10:58:15.695867+00:00,10.8520796750,106.7727754967,4.415,32,RTK Fixed,9.506,0.7
2026-07-22T10:58:15.796334+00:00,10.8520820833,106.7727756500,4.818,32,RTK Fixed,9.727,0.8
2026-07-22T10:58:15.894106+00:00,10.8520844183,106.7727758233,5.686,32,RTK Fixed,9.422,0.9
2026-07-22T10:58:16.003207+00:00,10.8520868467,106.7727758967,6.2,32,RTK Fixed,9.277,1.0
2026-07-22T10:58:16.093087+00:00,10.8520892167,106.7727761650,6.835,31,RTK Fixed,9.668,1.1
2026-07-22T10:58:16.193594+00:00,10.8520915983,106.7727764283,7.265,32,RTK Fixed,9.452,1.2
2026-07-22T10:58:16.296741+00:00,10.8520939383,106.7727766950,8.363,31,RTK Fixed,9.652,0.3
2026-07-22T10:58:16.399556+00:00,10.8520963467,106.7727769317,7.878,31,RTK Fixed,9.179,0.4
2026-07-22T10:58:16.494829+00:00,10.8520986917,106.7727772650,9.273,31,RTK Fixed,9.601,0.5
2026-07-22T10:58:16.595430+00:00,10.8521010950,106.7727778450,9.725,31,RTK Fixed,9.362,0.6
2026-07-22T10:58:16.694304+00:00,10.8521034183,106.7727782950,9.555,32,RTK Fixed,9.52,0.7
2026-07-22T10:58:16.794870+00:00,10.8521058117,106.7727785783,9.145,32,RTK Fixed,9.415,0.8
2026-07-22T10:58:16.896790+00:00,10.8521080900,106.7727791217,10.667,33,RTK Fixed,9.519,0.9
2026-07-22T10:58:17.001463+00:00,10.8521105000,106.7727795350,10.496,33,RTK Fixed,9.369,1.0
2026-07-22T10:58:17.094700+00:00,10.8521128900,106.7727800983,11.088,31,RTK Fixed,9.723,1.1
2026-07-22T10:58:17.196248+00:00,10.8521151700,106.7727805167,10.6,33,RTK Fixed,9.832,1.2
2026-07-22T10:58:17.298247+00:00,10.8521175500,106.7727810267,10.77,33,RTK Fixed,9.493,0.3
2026-07-22T10:58:17.398083+00:00,10.8521198650,106.7727814717,10.483,33,RTK Fixed,9.431,0.4
2026-07-22T10:58:17.496035+00:00,10.8521223167,106.7727818483,9.629,32,RTK Fixed,9.299,0.5
2026-07-22T10:58:17.592663+00:00,10.8521246450,106.7727823600,8.655,32,RTK Fixed,9.807,0.6
2026-07-22T10:58:17.693019+00:00,10.8521269933,106.7727826183,8.428,32,RTK Fixed,9.523,0.7
2026-07-22T10:58:17.797004+00:00,10.8521294533,106.7727830200,8.56,33,RTK Fixed,9.427,0.8
2026-07-22T10:58:17.897657+00:00,10.8521318250,106.7727833500,8.348,33,RTK Fixed,9.683,0.9
2026-07-22T10:58:18.002305+00:00,10.8521342100,106.7727834650,7.355,33,RTK Fixed,9.63,1.0
2026-07-22T10:58:18.094364+00:00,10.8521366667,106.7727838700,7.849,32,RTK Fixed,9.625,1.1
2026-07-22T10:58:18.195377+00:00,10.8521390500,106.7727841683,7.096,34,RTK Fixed,9.848,1.2
2026-07-22T10:58:18.297157+00:00,10.8521415033,106.7727845417,7.133,32,RTK Fixed,9.511,0.3
2026-07-22T10:58:18.397196+00:00,10.8521439067,106.7727847600,7.004,33,RTK Fixed,9.848,0.4
2026-07-22T10:58:18.494664+00:00,10.8521462567,106.7727849200,7.169,34,RTK Fixed,9.855,0.5
2026-07-22T10:58:18.595208+00:00,10.8521486417,106.7727851800,7.906,33,RTK Fixed,9.582,0.6
2026-07-22T10:58:18.692159+00:00,10.8521510217,106.7727854333,6.664,32,RTK Fixed,9.593,0.7
2026-07-22T10:58:18.794082+00:00,10.8521534350,106.7727857167,7.176,32,RTK Fixed,9.377,0.8
2026-07-22T10:58:18.894770+00:00,10.8521557433,106.7727859350,7.044,31,RTK Fixed,9.514,0.9
2026-07-22T10:58:19.003694+00:00,10.8521582050,106.7727861667,7.35,33,RTK Fixed,9.152,1.0
2026-07-22T10:58:19.095792+00:00,10.8521605883,106.7727863800,6.922,32,RTK Fixed,9.665,1.1
2026-07-22T10:58:19.195966+00:00,10.8521629317,106.7727867283,7.511,32,RTK Fixed,9.489,1.2
2026-07-22T10:58:19.295743+00:00,10.8521652933,106.7727870033,6.908,33,RTK Fixed,9.531,0.3
2026-07-22T10:58:19.397366+00:00,10.8521675767,106.7727872750,7.034,32,RTK Fixed,9.15,0.4
2026-07-22T10:58:19.495253+00:00,10.8521698933,106.7727874967,7.511,31,RTK Fixed,9.179,0.5
2026-07-22T10:58:19.595910+00:00,10.8521721983,106.7727878033,7.258,33,RTK Fixed,9.064,0.6
2026-07-22T10:58:19.690489+00:00,10.8521745817,106.7727880767,6.362,30,RTK Fixed,9.344,0.7
2026-07-22T10:58:19.800137+00:00,10.8521769083,106.7727883350,6.05,30,RTK Fixed,9.425,0.8
2026-07-22T10:58:19.895238+00:00,10.8521792700,106.7727886417,5.827,32,RTK Fixed,9.556,0.9
2026-07-22T10:58:20.000491+00:00,10.8521815500,106.7727888100,6.542,33,RTK Fixed,9.384,1.0
2026-07-22T10:58:20.093746+00:00,10.8521839183,106.7727889550,6.16,30,RTK Fixed,9.294,1.1
2026-07-22T10:58:20.197403+00:00,10.8521862767,106.7727891500,7.018,33,RTK Fixed,9.553,1.2
2026-07-22T10:58:20.293638+00:00,10.8521886367,106.7727893383,6.209,32,RTK Fixed,9.254,1.3
2026-07-22T10:58:20.397552+00:00,10.8521910050,106.7727895417,6.681,32,RTK Fixed,9.511,0.4
2026-07-22T10:58:20.496499+00:00,10.8521933333,106.7727898367,7.159,32,RTK Fixed,9.377,0.5
2026-07-22T10:58:20.597073+00:00,10.8521956150,106.7727900867,6.665,31,RTK Fixed,9.187,0.6
2026-07-22T10:58:20.696247+00:00,10.8521979833,106.7727903433,6.246,30,RTK Fixed,9.143,0.7
2026-07-22T10:58:20.796635+00:00,10.8522003267,106.7727906183,6.116,30,RTK Fixed,9.336,0.8
2026-07-22T10:58:20.894626+00:00,10.8522025783,106.7727908267,6.505,29,RTK Fixed,9.2,0.9
2026-07-22T10:58:21.000872+00:00,10.8522048750,106.7727910433,7.145,30,RTK Fixed,9.228,1.0
2026-07-22T10:58:21.091539+00:00,10.8522071533,106.7727913200,6.63,30,RTK Fixed,9.199,1.1
2026-07-22T10:58:21.198209+00:00,10.8522094267,106.7727914283,5.438,31,RTK Fixed,9.164,1.2
2026-07-22T10:58:21.295806+00:00,10.8522117367,106.7727917550,6.414,31,RTK Fixed,9.128,1.3
2026-07-22T10:58:21.399020+00:00,10.8522140333,106.7727920083,6.076,32,RTK Fixed,9.223,0.4
2026-07-22T10:58:21.497490+00:00,10.8522163017,106.7727923017,6.123,33,RTK Fixed,9.281,0.5
2026-07-22T10:58:21.597665+00:00,10.8522185550,106.7727925117,6.804,33,RTK Fixed,9.149,0.6
2026-07-22T10:58:21.696609+00:00,10.8522209333,106.7727927717,7.156,33,RTK Fixed,9.042,0.7
2026-07-22T10:58:21.798268+00:00,10.8522232183,106.7727930350,7.75,34,RTK Fixed,9.535,0.8
2026-07-22T10:58:21.894745+00:00,10.8522254567,106.7727933717,7.473,32,RTK Fixed,9.276,0.9
2026-07-22T10:58:22.005436+00:00,10.8522276483,106.7727936383,6.949,32,RTK Fixed,9.044,1.0
2026-07-22T10:58:22.097399+00:00,10.8522299433,106.7727940533,7.874,31,RTK Fixed,8.484,1.1
2026-07-22T10:58:22.198575+00:00,10.8522322483,106.7727944983,8.006,33,RTK Fixed,8.865,1.2
2026-07-22T10:58:22.295286+00:00,10.8522344617,106.7727947750,8.15,32,RTK Fixed,9.349,1.3
2026-07-22T10:58:22.400218+00:00,10.8522366483,106.7727950633,7.537,33,RTK Fixed,8.924,0.4
2026-07-22T10:58:22.496954+00:00,10.8522388600,106.7727953933,7.133,34,RTK Fixed,8.922,0.5
2026-07-22T10:58:22.597611+00:00,10.8522411583,106.7727957617,7.401,34,RTK Fixed,8.827,0.6
2026-07-22T10:58:22.695194+00:00,10.8522433350,106.7727961200,7.184,33,RTK Fixed,9.152,0.7
2026-07-22T10:58:22.799137+00:00,10.8522456667,106.7727965083,7.637,33,RTK Fixed,8.863,0.8
2026-07-22T10:58:22.896518+00:00,10.8522478300,106.7727967567,7.337,31,RTK Fixed,8.931,0.9
2026-07-22T10:58:23.003602+00:00,10.8522500733,106.7727969617,7.242,33,RTK Fixed,8.826,1.0
2026-07-22T10:58:23.096639+00:00,10.8522522900,106.7727972450,6.689,34,RTK Fixed,9.048,1.1
2026-07-22T10:58:23.199382+00:00,10.8522545217,106.7727974167,6.586,33,RTK Fixed,8.962,1.2
2026-07-22T10:58:23.298519+00:00,10.8522566933,106.7727976800,7.182,34,RTK Fixed,8.883,1.3
2026-07-22T10:58:23.400731+00:00,10.8522589333,106.7727979267,7.855,34,RTK Fixed,8.447,0.4
2026-07-22T10:58:23.498127+00:00,10.8522610133,106.7727982317,7.691,34,RTK Fixed,8.681,0.5
2026-07-22T10:58:23.599472+00:00,10.8522631283,106.7727984317,5.514,34,RTK Fixed,8.416,0.6
2026-07-22T10:58:23.698131+00:00,10.8522652300,106.7727987017,7.418,34,RTK Fixed,8.437,0.7
2026-07-22T10:58:23.800713+00:00,10.8522673400,106.7727988833,7.85,34,RTK Fixed,8.231,0.8
2026-07-22T10:58:23.895609+00:00,10.8522693833,106.7727990717,7.242,33,RTK Fixed,8.302,0.9
2026-07-22T10:58:23.999171+00:00,10.8522715333,106.7727994700,7.141,32,RTK Fixed,8.076,1.0
2026-07-22T10:58:24.096174+00:00,10.8522735567,106.7727997783,8.487,32,RTK Fixed,8.716,1.1
2026-07-22T10:58:24.197637+00:00,10.8522754933,106.7728000267,8.447,34,RTK Fixed,8.073,1.2
2026-07-22T10:58:24.298509+00:00,10.8522774917,106.7728003567,6.743,32,RTK Fixed,7.842,1.3
2026-07-22T10:58:24.400528+00:00,10.8522794967,106.7728005783,6.926,33,RTK Fixed,7.802,1.4
2026-07-22T10:58:24.499444+00:00,10.8522815683,106.7728005617,7.216,33,RTK Fixed,7.934,1.5
2026-07-22T10:58:24.598842+00:00,10.8522834267,106.7728008467,6.56,34,RTK Fixed,8.048,1.6
2026-07-22T10:58:24.696124+00:00,10.8522853517,106.7728011683,5.991,33,RTK Fixed,7.426,1.7
2026-07-22T10:58:24.801468+00:00,10.8522873450,106.7728013583,5.08,31,RTK Fixed,7.468,1.8
2026-07-22T10:58:24.897351+00:00,10.8522892867,106.7728013567,4.84,30,RTK Fixed,7.897,0.9
2026-07-22T10:58:25.006585+00:00,10.8522912333,106.7728013450,4.404,31,RTK Fixed,7.959,1.0
2026-07-22T10:58:25.095571+00:00,10.8522933083,106.7728011283,2.545,33,RTK Fixed,7.813,1.1
2026-07-22T10:58:25.198461+00:00,10.8522951233,106.7728010933,2.533,31,RTK Fixed,8.174,1.2
2026-07-22T10:58:25.298585+00:00,10.8522969083,106.7728012133,3.284,31,RTK Fixed,7.411,1.3
2026-07-22T10:58:25.398751+00:00,10.8522986900,106.7728011350,2.673,31,RTK Fixed,6.886,0.4
2026-07-22T10:58:25.497008+00:00,10.8523003767,106.7728011700,3.537,33,RTK Fixed,6.957,0.5
2026-07-22T10:58:25.598688+00:00,10.8523020417,106.7728012983,3.886,32,RTK Fixed,6.582,0.6
2026-07-22T10:58:25.698220+00:00,10.8523035317,106.7728012400,4.933,32,RTK Fixed,6.593,0.7
2026-07-22T10:58:25.799576+00:00,10.8523051767,106.7728012433,6.143,32,RTK Fixed,6.172,0.8
2026-07-22T10:58:25.898717+00:00,10.8523068483,106.7728010400,6.164,32,RTK Fixed,6.352,0.9
2026-07-22T10:58:26.005147+00:00,10.8523086367,106.7728006783,6.472,32,RTK Fixed,6.636,1.0
2026-07-22T10:58:26.092700+00:00,10.8523104950,106.7728008917,7.912,32,RTK Fixed,7.308,1.1
2026-07-22T10:58:26.196530+00:00,10.8523123267,106.7728011667,7.979,31,RTK Fixed,7.522,1.2
2026-07-22T10:58:26.299614+00:00,10.8523138850,106.7728013583,9.835,30,RTK Fixed,7.653,1.3
2026-07-22T10:58:26.397767+00:00,10.8523155567,106.7728017783,9.352,31,RTK Fixed,6.398,0.4
2026-07-22T10:58:26.496613+00:00,10.8523169917,106.7728024933,8.953,29,RTK Fixed,6.514,0.5
2026-07-22T10:58:26.599443+00:00,10.8523186433,106.7728032450,9.366,30,RTK Fixed,6.303,0.6
2026-07-22T10:58:26.695593+00:00,10.8523200933,106.7728036967,9.093,31,RTK Fixed,6.945,0.7
2026-07-22T10:58:26.800983+00:00,10.8523214800,106.7728040067,9.31,33,RTK Fixed,6.251,0.8
2026-07-22T10:58:26.899022+00:00,10.8523229800,106.7728043467,8.905,31,RTK Fixed,5.537,0.9
2026-07-22T10:58:27.002963+00:00,10.8523244817,106.7728047650,8.717,31,RTK Fixed,5.74,1.0
2026-07-22T10:58:27.095450+00:00,10.8523259417,106.7728049883,8.687,30,RTK Fixed,5.823,1.1
2026-07-22T10:58:27.196262+00:00,10.8523274467,106.7728051267,8.426,30,RTK Fixed,5.928,1.2
2026-07-22T10:58:27.295082+00:00,10.8523289633,106.7728053783,8.321,30,RTK Fixed,6.063,1.3
2026-07-22T10:58:27.401103+00:00,10.8523305783,106.7728056017,8.626,33,RTK Fixed,6.021,0.4
2026-07-22T10:58:27.499241+00:00,10.8523321983,106.7728057433,8.16,33,RTK Fixed,6.324,0.5
2026-07-22T10:58:27.599167+00:00,10.8523337383,106.7728060617,7.765,33,RTK Fixed,6.255,0.6
2026-07-22T10:58:27.696288+00:00,10.8523352867,106.7728062850,7.94,33,RTK Fixed,6.482,0.7
2026-07-22T10:58:27.798388+00:00,10.8523368550,106.7728066083,7.849,33,RTK Fixed,6.102,0.8
2026-07-22T10:58:27.900329+00:00,10.8523385050,106.7728067950,7.655,33,RTK Fixed,6.22,0.9
2026-07-22T10:58:28.008043+00:00,10.8523401233,106.7728069550,7.098,34,RTK Fixed,6.678,1.0
2026-07-22T10:58:28.097168+00:00,10.8523418367,106.7728072967,8.123,34,RTK Fixed,6.607,1.1
2026-07-22T10:58:28.197221+00:00,10.8523436333,106.7728074167,7.883,33,RTK Fixed,7.077,1.2
2026-07-22T10:58:28.300107+00:00,10.8523453067,106.7728075767,7.625,33,RTK Fixed,7.018,1.3
2026-07-22T10:58:28.401193+00:00,10.8523470983,106.7728078433,8.052,33,RTK Fixed,6.751,0.4
2026-07-22T10:58:28.499020+00:00,10.8523488533,106.7728080467,7.591,33,RTK Fixed,7.021,0.5
2026-07-22T10:58:28.600832+00:00,10.8523506617,106.7728083250,7.937,32,RTK Fixed,6.893,0.6
2026-07-22T10:58:28.700972+00:00,10.8523524650,106.7728085767,8.302,33,RTK Fixed,7.185,0.7
2026-07-22T10:58:28.801932+00:00,10.8523542550,106.7728088567,7.419,33,RTK Fixed,7.339,0.8
2026-07-22T10:58:28.899428+00:00,10.8523560600,106.7728091050,7.92,32,RTK Fixed,7.15,0.9
2026-07-22T10:58:29.004338+00:00,10.8523578133,106.7728093950,7.799,32,RTK Fixed,7.274,1.0
2026-07-22T10:58:29.099410+00:00,10.8523596850,106.7728096417,7.976,31,RTK Fixed,7.156,1.1
2026-07-22T10:58:29.198424+00:00,10.8523614267,106.7728099067,7.668,32,RTK Fixed,7.427,1.2
2026-07-22T10:58:29.296549+00:00,10.8523633550,106.7728102467,8.184,32,RTK Fixed,7.087,1.3
2026-07-22T10:58:29.400503+00:00,10.8523651350,106.7728104667,7.037,32,RTK Fixed,7.9,0.4
2026-07-22T10:58:29.497736+00:00,10.8523670517,106.7728107317,6.746,32,RTK Fixed,7.235,0.5
2026-07-22T10:58:29.598279+00:00,10.8523689733,106.7728108117,6.054,33,RTK Fixed,7.627,0.6
2026-07-22T10:58:29.699361+00:00,10.8523708917,106.7728110717,6.042,32,RTK Fixed,7.715,0.7
2026-07-22T10:58:29.800607+00:00,10.8523728183,106.7728112933,5.431,32,RTK Fixed,7.66,0.8
2026-07-22T10:58:29.899618+00:00,10.8523747250,106.7728113933,4.877,33,RTK Fixed,7.791,0.9
2026-07-22T10:58:30.005408+00:00,10.8523766017,106.7728115767,4.96,32,RTK Fixed,7.619,1.0
2026-07-22T10:58:30.098600+00:00,10.8523786083,106.7728118050,5.638,32,RTK Fixed,7.661,1.1
2026-07-22T10:58:30.200543+00:00,10.8523805700,106.7728119850,5.216,32,RTK Fixed,7.93,1.2
2026-07-22T10:58:30.297440+00:00,10.8523825367,106.7728120717,5.382,31,RTK Fixed,7.767,1.3
2026-07-22T10:58:30.400062+00:00,10.8523844767,106.7728122467,5.858,33,RTK Fixed,7.993,0.4
2026-07-22T10:58:30.499874+00:00,10.8523864067,106.7728124167,5.636,33,RTK Fixed,7.709,0.5
2026-07-22T10:58:30.597988+00:00,10.8523884600,106.7728126367,5.94,33,RTK Fixed,7.691,0.6
2026-07-22T10:58:30.700181+00:00,10.8523904667,106.7728126667,5.436,33,RTK Fixed,8.063,0.7
2026-07-22T10:58:30.802730+00:00,10.8523924500,106.7728128533,5.608,34,RTK Fixed,8.081,0.8
2026-07-22T10:58:30.899109+00:00,10.8523944367,106.7728130067,6.03,34,RTK Fixed,7.944,0.9
2026-07-22T10:58:31.008405+00:00,10.8523964600,106.7728130567,6.55,34,RTK Fixed,8.004,1.0
2026-07-22T10:58:31.096681+00:00,10.8523984033,106.7728132450,6.769,34,RTK Fixed,8.388,1.1
2026-07-22T10:58:31.201476+00:00,10.8524004500,106.7728134967,6.884,34,RTK Fixed,7.716,1.2
2026-07-22T10:58:31.298814+00:00,10.8524024350,106.7728136350,6.779,31,RTK Fixed,8.15,1.3
2026-07-22T10:58:31.397687+00:00,10.8524044617,106.7728138783,7.0,33,RTK Fixed,7.99,0.4
2026-07-22T10:58:31.497389+00:00,10.8524064033,106.7728140833,6.881,34,RTK Fixed,8.212,0.5
2026-07-22T10:58:31.599654+00:00,10.8524084300,106.7728143333,6.851,34,RTK Fixed,7.858,0.6
2026-07-22T10:58:31.700946+00:00,10.8524104883,106.7728146800,6.814,34,RTK Fixed,8.035,0.7
2026-07-22T10:58:31.802297+00:00,10.8524125600,106.7728148700,6.147,34,RTK Fixed,8.368,0.8
2026-07-22T10:58:31.899030+00:00,10.8524146033,106.7728151867,6.121,33,RTK Fixed,8.517,0.9
2026-07-22T10:58:32.004470+00:00,10.8524166500,106.7728153567,5.71,33,RTK Fixed,8.092,1.0
2026-07-22T10:58:32.097727+00:00,10.8524187383,106.7728154433,5.171,33,RTK Fixed,8.129,1.1
2026-07-22T10:58:32.201543+00:00,10.8524209317,106.7728156250,5.608,34,RTK Fixed,8.103,1.2
2026-07-22T10:58:32.300027+00:00,10.8524230233,106.7728158067,5.12,34,RTK Fixed,8.764,1.3
2026-07-22T10:58:32.400933+00:00,10.8524251383,106.7728159033,5.033,34,RTK Fixed,8.462,0.4
2026-07-22T10:58:32.496528+00:00,10.8524272200,106.7728160383,5.505,33,RTK Fixed,8.493,0.5
2026-07-22T10:58:32.600474+00:00,10.8524293717,106.7728161733,4.969,33,RTK Fixed,8.248,0.6
2026-07-22T10:58:32.697817+00:00,10.8524314667,106.7728163883,5.566,32,RTK Fixed,8.557,0.7
2026-07-22T10:58:32.801557+00:00,10.8524336000,106.7728165383,5.999,33,RTK Fixed,8.473,0.8
2026-07-22T10:58:32.899584+00:00,10.8524356367,106.7728168050,6.178,32,RTK Fixed,8.519,0.9
2026-07-22T10:58:33.007771+00:00,10.8524377067,106.7728170450,6.313,33,RTK Fixed,8.178,1.0
2026-07-22T10:58:33.098331+00:00,10.8524398833,106.7728172517,6.497,32,RTK Fixed,8.367,1.1
2026-07-22T10:58:33.200447+00:00,10.8524420200,106.7728174850,6.927,33,RTK Fixed,8.641,1.2
2026-07-22T10:58:33.298338+00:00,10.8524441000,106.7728177883,7.097,33,RTK Fixed,8.708,1.3
2026-07-22T10:58:33.402021+00:00,10.8524462417,106.7728180500,7.087,33,RTK Fixed,8.344,0.4
2026-07-22T10:58:33.498641+00:00,10.8524484000,106.7728183150,7.372,33,RTK Fixed,8.458,0.5
2026-07-22T10:58:33.600782+00:00,10.8524505233,106.7728185467,7.235,33,RTK Fixed,8.658,0.6
2026-07-22T10:58:33.699340+00:00,10.8524526700,106.7728188500,7.653,33,RTK Fixed,8.432,0.7
2026-07-22T10:58:33.802045+00:00,10.8524547717,106.7728191033,7.523,33,RTK Fixed,8.734,0.8
2026-07-22T10:58:33.900390+00:00,10.8524568817,106.7728193950,7.782,33,RTK Fixed,8.553,0.9
2026-07-22T10:58:34.008733+00:00,10.8524590167,106.7728197100,7.448,34,RTK Fixed,8.5,1.0
2026-07-22T10:58:34.096848+00:00,10.8524611717,106.7728199583,7.092,34,RTK Fixed,8.472,1.1
2026-07-22T10:58:34.202151+00:00,10.8524633233,106.7728201517,6.835,33,RTK Fixed,8.708,1.2
2026-07-22T10:58:34.300043+00:00,10.8524654867,106.7728203983,6.912,33,RTK Fixed,8.686,1.3
2026-07-22T10:58:34.402486+00:00,10.8524677000,106.7728206650,6.629,34,RTK Fixed,8.665,0.4
2026-07-22T10:58:34.512844+00:00,10.8524699100,106.7728208933,6.679,33,RTK Fixed,8.949,0.5
2026-07-22T10:58:34.597733+00:00,10.8524720283,106.7728211117,6.468,34,RTK Fixed,8.814,0.6
2026-07-22T10:58:34.699969+00:00,10.8524742450,106.7728213733,6.634,34,RTK Fixed,8.448,0.7
2026-07-22T10:58:34.801681+00:00,10.8524764283,106.7728216317,7.086,33,RTK Fixed,8.924,0.8
2026-07-22T10:58:34.900338+00:00,10.8524785917,106.7728219233,7.194,32,RTK Fixed,8.704,0.9
2026-07-22T10:58:35.002347+00:00,10.8524807133,106.7728221867,7.108,33,RTK Fixed,8.733,1.0
2026-07-22T10:58:35.099156+00:00,10.8524829300,106.7728224317,7.308,33,RTK Fixed,8.431,1.1
2026-07-22T10:58:35.201825+00:00,10.8524851617,106.7728227600,7.678,34,RTK Fixed,8.913,1.2
2026-07-22T10:58:35.301336+00:00,10.8524873700,106.7728230450,7.648,34,RTK Fixed,8.976,1.3
2026-07-22T10:58:35.402305+00:00,10.8524895483,106.7728234033,7.844,34,RTK Fixed,8.878,0.4
2026-07-22T10:58:35.502079+00:00,10.8524917567,106.7728237683,7.619,33,RTK Fixed,8.832,0.5
2026-07-22T10:58:35.601671+00:00,10.8524939500,106.7728241367,7.629,33,RTK Fixed,8.826,0.6
2026-07-22T10:58:35.698025+00:00,10.8524961683,106.7728244000,7.255,33,RTK Fixed,8.87,0.7
2026-07-22T10:58:35.802363+00:00,10.8524983700,106.7728246167,7.362,33,RTK Fixed,8.861,0.8
2026-07-22T10:58:35.897751+00:00,10.8525006000,106.7728248700,6.988,33,RTK Fixed,8.849,0.9
2026-07-22T10:58:36.007479+00:00,10.8525028383,106.7728251367,7.123,34,RTK Fixed,8.964,1.0
2026-07-22T10:58:36.100985+00:00,10.8525050517,106.7728253233,6.854,34,RTK Fixed,9.039,1.1
2026-07-22T10:58:36.200082+00:00,10.8525072450,106.7728255583,7.236,34,RTK Fixed,8.966,1.2
2026-07-22T10:58:36.300918+00:00,10.8525094867,106.7728258783,7.603,33,RTK Fixed,8.789,1.3
2026-07-22T10:58:36.401947+00:00,10.8525117167,106.7728261650,7.453,34,RTK Fixed,8.846,0.4
2026-07-22T10:58:36.498996+00:00,10.8525139650,106.7728264467,7.538,34,RTK Fixed,8.989,0.5
2026-07-22T10:58:36.602058+00:00,10.8525161700,106.7728267467,7.567,34,RTK Fixed,9.093,0.6
2026-07-22T10:58:36.699196+00:00,10.8525183783,106.7728271050,7.565,33,RTK Fixed,8.9,0.7
2026-07-22T10:58:36.802006+00:00,10.8525206083,106.7728274200,7.537,33,RTK Fixed,8.969,0.8
2026-07-22T10:58:36.901869+00:00,10.8525228467,106.7728276100,7.593,33,RTK Fixed,8.898,0.9
2026-07-22T10:58:37.010136+00:00,10.8525251067,106.7728279767,8.351,33,RTK Fixed,8.888,1.0
2026-07-22T10:58:37.100749+00:00,10.8525273450,106.7728283400,7.88,33,RTK Fixed,9.061,1.1
2026-07-22T10:58:37.201379+00:00,10.8525295933,106.7728285983,7.814,32,RTK Fixed,9.081,1.2
2026-07-22T10:58:37.299719+00:00,10.8525318233,106.7728289683,8.172,31,RTK Fixed,9.04,1.3
2026-07-22T10:58:37.402080+00:00,10.8525340917,106.7728292317,7.744,33,RTK Fixed,8.926,1.4
2026-07-22T10:58:37.496665+00:00,10.8525363600,106.7728295233,8.134,32,RTK Fixed,9.123,0.5
2026-07-22T10:58:37.600705+00:00,10.8525385767,106.7728298767,8.221,32,RTK Fixed,9.175,0.6
2026-07-22T10:58:37.698390+00:00,10.8525408400,106.7728301233,8.495,31,RTK Fixed,9.116,0.7
2026-07-22T10:58:37.799291+00:00,10.8525430483,106.7728304783,8.985,31,RTK Fixed,9.007,0.8
2026-07-22T10:58:37.899571+00:00,10.8525452433,106.7728309117,8.787,31,RTK Fixed,8.98,0.9
2026-07-22T10:58:38.005153+00:00,10.8525475083,106.7728312717,9.252,32,RTK Fixed,8.847,1.0
2026-07-22T10:58:38.098575+00:00,10.8525497917,106.7728315650,9.6,30,RTK Fixed,9.022,1.1
2026-07-22T10:58:38.200920+00:00,10.8525520033,106.7728320383,10.005,31,RTK Fixed,9.065,1.2
2026-07-22T10:58:38.301495+00:00,10.8525542100,106.7728324200,9.774,31,RTK Fixed,8.981,1.3
2026-07-22T10:58:38.401336+00:00,10.8525564617,106.7728328683,10.138,32,RTK Fixed,8.936,1.4
2026-07-22T10:58:38.497775+00:00,10.8525587183,106.7728333250,10.061,32,RTK Fixed,9.195,0.5
2026-07-22T10:58:38.600766+00:00,10.8525609583,106.7728336450,9.601,31,RTK Fixed,9.114,0.6
2026-07-22T10:58:38.699771+00:00,10.8525631783,106.7728340717,9.919,31,RTK Fixed,9.06,0.7
2026-07-22T10:58:38.800494+00:00,10.8525654383,106.7728344183,9.262,31,RTK Fixed,9.064,0.8
2026-07-22T10:58:38.901363+00:00,10.8525676867,106.7728347167,8.806,33,RTK Fixed,9.19,0.9
2026-07-22T10:58:39.009367+00:00,10.8525699417,106.7728349967,7.999,32,RTK Fixed,9.064,1.0
2026-07-22T10:58:39.099086+00:00,10.8525721867,106.7728352717,7.488,34,RTK Fixed,9.122,1.1
2026-07-22T10:58:39.202291+00:00,10.8525745333,106.7728356600,7.63,34,RTK Fixed,8.919,1.2
2026-07-22T10:58:39.301429+00:00,10.8525768200,106.7728359917,7.008,33,RTK Fixed,9.349,1.3
2026-07-22T10:58:39.403012+00:00,10.8525790833,106.7728363267,6.775,33,RTK Fixed,9.153,1.4
2026-07-22T10:58:39.500071+00:00,10.8525813067,106.7728365550,6.661,33,RTK Fixed,9.155,0.5
2026-07-22T10:58:39.602555+00:00,10.8525836117,106.7728367433,6.329,34,RTK Fixed,9.016,0.6
2026-07-22T10:58:39.701576+00:00,10.8525858850,106.7728368350,6.151,34,RTK Fixed,9.185,0.7
2026-07-22T10:58:39.803147+00:00,10.8525881750,106.7728370017,6.002,34,RTK Fixed,8.951,0.8
2026-07-22T10:58:39.901453+00:00,10.8525904167,106.7728371900,5.866,34,RTK Fixed,9.199,0.9
2026-07-22T10:58:40.009157+00:00,10.8525927033,106.7728374650,5.931,34,RTK Fixed,8.885,1.0
2026-07-22T10:58:40.100396+00:00,10.8525950417,106.7728376667,5.679,34,RTK Fixed,9.271,1.1
2026-07-22T10:58:40.200643+00:00,10.8525973300,106.7728378633,5.282,34,RTK Fixed,9.272,1.2
2026-07-22T10:58:40.299503+00:00,10.8525996617,106.7728379867,5.429,34,RTK Fixed,9.175,1.3
2026-07-22T10:58:40.400792+00:00,10.8526019867,106.7728381967,5.23,33,RTK Fixed,9.278,1.4
2026-07-22T10:58:40.499054+00:00,10.8526043583,106.7728383917,4.983,32,RTK Fixed,9.261,0.5
2026-07-22T10:58:40.601238+00:00,10.8526068383,106.7728384533,4.261,33,RTK Fixed,9.607,0.6
2026-07-22T10:58:40.701486+00:00,10.8526091233,106.7728385617,3.639,33,RTK Fixed,9.964,0.7
2026-07-22T10:58:40.804584+00:00,10.8526114850,106.7728386983,3.435,33,RTK Fixed,9.117,0.8
2026-07-22T10:58:40.898503+00:00,10.8526137767,106.7728387033,2.68,33,RTK Fixed,9.352,0.9
2026-07-22T10:58:41.002857+00:00,10.8526159550,106.7728389317,3.566,33,RTK Fixed,8.884,1.0
2026-07-22T10:58:41.097671+00:00,10.8526183417,106.7728389800,3.219,33,RTK Fixed,8.698,1.1
2026-07-22T10:58:41.202354+00:00,10.8526205483,106.7728389200,3.92,33,RTK Fixed,9.527,1.2
2026-07-22T10:58:41.301292+00:00,10.8526229300,106.7728386917,4.152,33,RTK Fixed,8.755,1.3
2026-07-22T10:58:41.403161+00:00,10.8526252633,106.7728386883,4.7,33,RTK Fixed,9.644,1.4
2026-07-22T10:58:41.502279+00:00,10.8526277233,106.7728387333,4.734,33,RTK Fixed,9.393,0.5
2026-07-22T10:58:41.602213+00:00,10.8526301400,106.7728390167,5.477,34,RTK Fixed,9.831,0.6
2026-07-22T10:58:41.698582+00:00,10.8526324850,106.7728394617,5.879,33,RTK Fixed,9.673,0.7
2026-07-22T10:58:41.800803+00:00,10.8526347517,106.7728399867,5.808,33,RTK Fixed,9.543,0.8
2026-07-22T10:58:41.902160+00:00,10.8526369967,106.7728404200,5.777,33,RTK Fixed,9.233,0.9
2026-07-22T10:58:42.007192+00:00,10.8526392200,106.7728407617,5.968,33,RTK Fixed,8.957,1.0
2026-07-22T10:58:42.100475+00:00,10.8526415400,106.7728411917,6.199,33,RTK Fixed,8.936,1.1
2026-07-22T10:58:42.199490+00:00,10.8526438483,106.7728413133,5.908,33,RTK Fixed,9.265,1.2
2026-07-22T10:58:42.301061+00:00,10.8526461650,106.7728414733,6.052,33,RTK Fixed,9.403,1.3
2026-07-22T10:58:42.404266+00:00,10.8526484450,106.7728416667,5.856,32,RTK Fixed,9.22,1.4
2026-07-22T10:58:42.500481+00:00,10.8526507700,106.7728418767,6.06,34,RTK Fixed,9.061,0.5
2026-07-22T10:58:42.602625+00:00,10.8526531050,106.7728419517,6.204,34,RTK Fixed,9.227,0.6
2026-07-22T10:58:42.700568+00:00,10.8526554417,106.7728421767,6.554,33,RTK Fixed,9.224,0.7
2026-07-22T10:58:42.801319+00:00,10.8526576883,106.7728423617,7.262,33,RTK Fixed,9.351,0.8
2026-07-22T10:58:42.902525+00:00,10.8526600467,106.7728427000,7.483,33,RTK Fixed,8.998,0.9
2026-07-22T10:58:43.011830+00:00,10.8526623067,106.7728429233,7.773,33,RTK Fixed,9.344,1.0
2026-07-22T10:58:43.098154+00:00,10.8526646517,106.7728431783,7.695,35,RTK Fixed,9.101,1.1
2026-07-22T10:58:43.201959+00:00,10.8526669483,106.7728435017,8.369,35,RTK Fixed,9.576,1.2
2026-07-22T10:58:43.302693+00:00,10.8526692633,106.7728437683,8.337,34,RTK Fixed,9.256,1.3
2026-07-22T10:58:43.405626+00:00,10.8526715617,106.7728440667,8.457,34,RTK Fixed,9.369,1.4
2026-07-22T10:58:43.502742+00:00,10.8526739133,106.7728444833,8.808,33,RTK Fixed,9.185,0.5
2026-07-22T10:58:43.603342+00:00,10.8526762600,106.7728449233,8.982,34,RTK Fixed,9.663,0.6
2026-07-22T10:58:43.699486+00:00,10.8526786067,106.7728452650,8.972,33,RTK Fixed,9.518,0.7
2026-07-22T10:58:43.804300+00:00,10.8526808933,106.7728455533,8.888,33,RTK Fixed,9.441,0.8
2026-07-22T10:58:43.901992+00:00,10.8526832050,106.7728458867,8.723,33,RTK Fixed,9.152,0.9
2026-07-22T10:58:44.006151+00:00,10.8526855667,106.7728462867,8.756,34,RTK Fixed,9.297,1.0
2026-07-22T10:58:44.103282+00:00,10.8526878800,106.7728465983,8.596,34,RTK Fixed,9.559,1.1
2026-07-22T10:58:44.202926+00:00,10.8526902033,106.7728469767,8.416,34,RTK Fixed,9.446,1.2
2026-07-22T10:58:44.301366+00:00,10.8526924933,106.7728472400,8.302,33,RTK Fixed,9.303,1.3
2026-07-22T10:58:44.402724+00:00,10.8526948200,106.7728475350,8.143,34,RTK Fixed,9.146,1.4
2026-07-22T10:58:44.500631+00:00,10.8526971783,106.7728478517,7.907,33,RTK Fixed,9.319,0.5
2026-07-22T10:58:44.602989+00:00,10.8526994767,106.7728481083,7.811,32,RTK Fixed,9.53,0.6
2026-07-22T10:58:44.701328+00:00,10.8527018700,106.7728484850,7.78,32,RTK Fixed,9.338,0.7
2026-07-22T10:58:44.804048+00:00,10.8527042217,106.7728488367,7.637,32,RTK Fixed,9.541,0.8
2026-07-22T10:58:44.903367+00:00,10.8527065717,106.7728490433,7.854,33,RTK Fixed,9.456,0.9
2026-07-22T10:58:45.010213+00:00,10.8527089333,106.7728493350,8.204,32,RTK Fixed,9.479,1.0
2026-07-22T10:58:45.101026+00:00,10.8527112750,106.7728496183,8.224,32,RTK Fixed,9.499,1.1
2026-07-22T10:58:45.200792+00:00,10.8527136367,106.7728498067,8.416,32,RTK Fixed,9.229,1.2
2026-07-22T10:58:45.301085+00:00,10.8527160450,106.7728502200,8.882,32,RTK Fixed,9.413,1.3
2026-07-22T10:58:45.401976+00:00,10.8527183550,106.7728505317,9.056,32,RTK Fixed,9.68,1.4
2026-07-22T10:58:45.503446+00:00,10.8527206700,106.7728508450,8.912,32,RTK Fixed,9.306,0.5
2026-07-22T10:58:45.603431+00:00,10.8527230500,106.7728512850,8.759,32,RTK Fixed,9.521,0.6
2026-07-22T10:58:45.702338+00:00,10.8527253800,106.7728516683,8.58,32,RTK Fixed,9.581,0.7
2026-07-22T10:58:45.804294+00:00,10.8527277517,106.7728520383,7.952,32,RTK Fixed,9.412,0.8
2026-07-22T10:58:45.902383+00:00,10.8527300667,106.7728523383,8.143,32,RTK Fixed,9.575,0.9
2026-07-22T10:58:46.010092+00:00,10.8527323850,106.7728526683,7.947,32,RTK Fixed,9.23,1.0
2026-07-22T10:58:46.102099+00:00,10.8527348350,106.7728529883,7.988,33,RTK Fixed,9.267,1.1
2026-07-22T10:58:46.203262+00:00,10.8527371983,106.7728533300,7.909,33,RTK Fixed,9.781,1.2
2026-07-22T10:58:46.302275+00:00,10.8527395450,106.7728536833,7.102,34,RTK Fixed,9.623,1.3
2026-07-22T10:58:46.404848+00:00,10.8527419033,106.7728538667,7.098,34,RTK Fixed,9.407,1.4
2026-07-22T10:58:46.501713+00:00,10.8527442367,106.7728541933,6.905,35,RTK Fixed,9.396,0.5
2026-07-22T10:58:46.604621+00:00,10.8527466850,106.7728544600,6.891,35,RTK Fixed,9.331,0.6
2026-07-22T10:58:46.703440+00:00,10.8527491167,106.7728546817,6.208,35,RTK Fixed,9.737,0.7
2026-07-22T10:58:46.803835+00:00,10.8527515017,106.7728549333,6.426,35,RTK Fixed,9.763,0.8
2026-07-22T10:58:46.902192+00:00,10.8527538650,106.7728552217,6.508,35,RTK Fixed,9.589,0.9
2026-07-22T10:58:47.006165+00:00,10.8527562500,106.7728554600,6.381,35,RTK Fixed,9.471,1.0
2026-07-22T10:58:47.101354+00:00,10.8527586833,106.7728557533,6.273,35,RTK Fixed,9.438,1.1
2026-07-22T10:58:47.202632+00:00,10.8527610250,106.7728559617,5.798,35,RTK Fixed,9.792,1.2
2026-07-22T10:58:47.301526+00:00,10.8527634333,106.7728562000,5.796,35,RTK Fixed,9.401,1.3
2026-07-22T10:58:47.402982+00:00,10.8527657850,106.7728563517,5.667,35,RTK Fixed,9.63,1.4
2026-07-22T10:58:47.501420+00:00,10.8527682000,106.7728565500,5.762,35,RTK Fixed,9.421,0.5
2026-07-22T10:58:47.603466+00:00,10.8527706350,106.7728567867,5.459,35,RTK Fixed,9.683,0.6
2026-07-22T10:58:47.702055+00:00,10.8527730733,106.7728569300,5.343,35,RTK Fixed,9.743,0.7
2026-07-22T10:58:47.804580+00:00,10.8527754933,106.7728571383,5.677,35,RTK Fixed,9.806,0.8
2026-07-22T10:58:47.905278+00:00,10.8527778583,106.7728573583,5.399,35,RTK Fixed,9.624,0.9
2026-07-22T10:58:48.010391+00:00,10.8527803233,106.7728575433,5.659,35,RTK Fixed,9.596,1.0
2026-07-22T10:58:48.103686+00:00,10.8527827433,106.7728577583,5.823,35,RTK Fixed,9.634,1.1
2026-07-22T10:58:48.204589+00:00,10.8527851500,106.7728579567,5.812,35,RTK Fixed,9.766,1.2
2026-07-22T10:58:48.303665+00:00,10.8527875933,106.7728581650,6.178,35,RTK Fixed,9.568,1.3
2026-07-22T10:58:48.405053+00:00,10.8527899483,106.7728584133,6.389,35,RTK Fixed,9.738,1.4
2026-07-22T10:58:48.503694+00:00,10.8527923567,106.7728586567,6.472,35,RTK Fixed,9.404,0.5
2026-07-22T10:58:48.603857+00:00,10.8527947667,106.7728589017,6.307,35,RTK Fixed,9.564,0.6
2026-07-22T10:58:48.700578+00:00,10.8527971950,106.7728591367,6.316,35,RTK Fixed,9.626,0.7
2026-07-22T10:58:48.805708+00:00,10.8527995883,106.7728593067,5.624,35,RTK Fixed,9.783,0.8
2026-07-22T10:58:48.903607+00:00,10.8528019583,106.7728595717,5.755,35,RTK Fixed,9.601,0.9
2026-07-22T10:58:49.010969+00:00,10.8528043167,106.7728597433,5.609,35,RTK Fixed,9.487,1.0
2026-07-22T10:58:49.104982+00:00,10.8528066917,106.7728599467,5.159,35,RTK Fixed,9.366,1.1
2026-07-22T10:58:49.203402+00:00,10.8528091250,106.7728601383,5.419,35,RTK Fixed,9.503,1.2
2026-07-22T10:58:49.303976+00:00,10.8528114683,106.7728602733,5.142,35,RTK Fixed,9.809,1.3
2026-07-22T10:58:49.408021+00:00,10.8528138283,106.7728604550,5.246,35,RTK Fixed,9.406,1.4
2026-07-22T10:58:49.502148+00:00,10.8528161833,106.7728605733,5.214,35,RTK Fixed,9.38,0.5
2026-07-22T10:58:49.604428+00:00,10.8528185467,106.7728608217,5.589,35,RTK Fixed,9.433,0.6
2026-07-22T10:58:49.704200+00:00,10.8528209250,106.7728610367,5.609,35,RTK Fixed,9.5,0.7
2026-07-22T10:58:49.806296+00:00,10.8528232283,106.7728611950,5.8,35,RTK Fixed,9.56,0.8
2026-07-22T10:58:49.905328+00:00,10.8528256367,106.7728615233,6.234,35,RTK Fixed,9.098,0.9
2026-07-22T10:58:50.007048+00:00,10.8528279467,106.7728617350,6.622,35,RTK Fixed,9.629,1.0
2026-07-22T10:58:50.103791+00:00,10.8528302567,106.7728619900,7.053,34,RTK Fixed,9.201,1.1
2026-07-22T10:58:50.206009+00:00,10.8528325600,106.7728623083,7.054,35,RTK Fixed,9.222,1.2
2026-07-22T10:58:50.305148+00:00,10.8528348800,106.7728625883,7.193,35,RTK Fixed,9.232,1.3
2026-07-22T10:58:50.405791+00:00,10.8528371867,106.7728629283,7.507,35,RTK Fixed,9.197,1.4
2026-07-22T10:58:50.502379+00:00,10.8528394750,106.7728632783,7.203,35,RTK Fixed,9.307,0.5
2026-07-22T10:58:50.604739+00:00,10.8528418150,106.7728635183,7.482,35,RTK Fixed,9.241,0.6
2026-07-22T10:58:50.703082+00:00,10.8528440950,106.7728638617,7.652,35,RTK Fixed,9.28,0.7
2026-07-22T10:58:50.805381+00:00,10.8528464383,106.7728641533,7.363,35,RTK Fixed,9.113,0.8
2026-07-22T10:58:50.903133+00:00,10.8528487683,106.7728643867,7.232,35,RTK Fixed,9.48,0.9
2026-07-22T10:58:51.012576+00:00,10.8528510800,106.7728646800,7.762,35,RTK Fixed,9.384,1.0
2026-07-22T10:58:51.104312+00:00,10.8528533850,106.7728649550,7.848,35,RTK Fixed,9.363,1.1
2026-07-22T10:58:51.206248+00:00,10.8528557150,106.7728651767,8.112,35,RTK Fixed,9.167,1.2
2026-07-22T10:58:51.303774+00:00,10.8528580133,106.7728655250,7.943,35,RTK Fixed,9.239,1.3
2026-07-22T10:58:51.406632+00:00,10.8528603783,106.7728657667,7.846,35,RTK Fixed,9.198,1.4
2026-07-22T10:58:51.505060+00:00,10.8528626650,106.7728661050,8.092,35,RTK Fixed,9.427,0.5
2026-07-22T10:58:51.606037+00:00,10.8528649333,106.7728663767,7.998,35,RTK Fixed,9.27,0.6
2026-07-22T10:58:51.702996+00:00,10.8528672483,106.7728667583,8.164,35,RTK Fixed,9.084,0.7
2026-07-22T10:58:51.807483+00:00,10.8528695550,106.7728670583,7.62,35,RTK Fixed,9.405,0.8
2026-07-22T10:58:51.903654+00:00,10.8528719050,106.7728673567,7.641,35,RTK Fixed,9.211,0.9
2026-07-22T10:58:52.011240+00:00,10.8528741933,106.7728676783,7.555,35,RTK Fixed,9.418,1.0
2026-07-22T10:58:52.102384+00:00,10.8528764850,106.7728680133,7.326,35,RTK Fixed,9.173,1.1
2026-07-22T10:58:52.205091+00:00,10.8528787950,106.7728682083,6.378,35,RTK Fixed,9.235,1.2
2026-07-22T10:58:52.303044+00:00,10.8528811167,106.7728684817,6.628,35,RTK Fixed,9.179,1.3
2026-07-22T10:58:52.406397+00:00,10.8528834167,106.7728685933,5.873,35,RTK Fixed,9.288,1.4
2026-07-22T10:58:52.505169+00:00,10.8528856650,106.7728689350,6.14,35,RTK Fixed,9.174,0.5
2026-07-22T10:58:52.603292+00:00,10.8528880333,106.7728691383,5.53,35,RTK Fixed,8.94,0.6
2026-07-22T10:58:52.702458+00:00,10.8528903083,106.7728693267,5.43,35,RTK Fixed,9.551,0.7
2026-07-22T10:58:52.802720+00:00,10.8528926633,106.7728694767,5.135,35,RTK Fixed,9.145,0.8
2026-07-22T10:58:52.904320+00:00,10.8528949383,106.7728696450,4.844,35,RTK Fixed,9.446,0.9
2026-07-22T10:58:53.007946+00:00,10.8528972367,106.7728697917,4.797,35,RTK Fixed,9.02,1.0
2026-07-22T10:58:53.102208+00:00,10.8528995633,106.7728699200,4.773,35,RTK Fixed,9.172,1.1
2026-07-22T10:58:53.205684+00:00,10.8529018000,106.7728700983,4.901,35,RTK Fixed,9.253,1.2
2026-07-22T10:58:53.304443+00:00,10.8529040633,106.7728702333,4.653,35,RTK Fixed,8.922,1.3
2026-07-22T10:58:53.406710+00:00,10.8529062867,106.7728704333,5.034,35,RTK Fixed,9.068,1.4
2026-07-22T10:58:53.503578+00:00,10.8529085667,106.7728706183,4.723,35,RTK Fixed,8.739,1.5
2026-07-22T10:58:53.605691+00:00,10.8529108717,106.7728707900,4.837,35,RTK Fixed,9.103,0.6
2026-07-22T10:58:53.701160+00:00,10.8529131117,106.7728709250,5.236,35,RTK Fixed,9.289,0.7
2026-07-22T10:58:53.805699+00:00,10.8529154683,106.7728710133,5.091,35,RTK Fixed,8.937,0.8
2026-07-22T10:58:53.905150+00:00,10.8529177900,106.7728711067,5.451,35,RTK Fixed,9.452,0.9
2026-07-22T10:58:54.010624+00:00,10.8529201450,106.7728712483,5.229,35,RTK Fixed,9.21,1.0
2026-07-22T10:58:54.104319+00:00,10.8529224317,106.7728713467,5.356,35,RTK Fixed,9.455,1.1
2026-07-22T10:58:54.206527+00:00,10.8529245550,106.7728715167,5.549,35,RTK Fixed,9.057,1.2
2026-07-22T10:58:54.304731+00:00,10.8529267917,106.7728717033,5.666,35,RTK Fixed,8.366,1.3
2026-07-22T10:58:54.404705+00:00,10.8529288467,106.7728718400,5.3,35,RTK Fixed,8.906,1.4
2026-07-22T10:58:54.504370+00:00,10.8529309300,106.7728719917,6.523,35,RTK Fixed,8.066,1.5
2026-07-22T10:58:54.606255+00:00,10.8529330667,106.7728719017,5.974,35,RTK Fixed,8.288,0.6
2026-07-22T10:58:54.703549+00:00,10.8529352383,106.7728719750,7.543,35,RTK Fixed,8.475,0.7
2026-07-22T10:58:54.805461+00:00,10.8529375583,106.7728720783,7.665,35,RTK Fixed,8.714,0.8
2026-07-22T10:58:54.903346+00:00,10.8529398267,106.7728722917,8.45,35,RTK Fixed,9.392,0.9
2026-07-22T10:58:55.013170+00:00,10.8529420317,106.7728726600,8.679,35,RTK Fixed,9.187,1.0
2026-07-22T10:58:55.101847+00:00,10.8529442067,106.7728731433,8.561,35,RTK Fixed,8.87,1.1
2026-07-22T10:58:55.202688+00:00,10.8529463767,106.7728739283,8.886,35,RTK Fixed,8.86,1.2
2026-07-22T10:58:55.304392+00:00,10.8529484500,106.7728744350,8.369,35,RTK Fixed,9.076,1.3
2026-07-22T10:58:55.404802+00:00,10.8529504917,106.7728749550,8.31,35,RTK Fixed,8.519,1.4
2026-07-22T10:58:55.504886+00:00,10.8529524683,106.7728753467,7.959,35,RTK Fixed,8.311,1.5
2026-07-22T10:58:55.605200+00:00,10.8529545133,106.7728756583,7.703,35,RTK Fixed,7.921,0.6
2026-07-22T10:58:55.703476+00:00,10.8529566017,106.7728759067,7.507,35,RTK Fixed,8.246,0.7
2026-07-22T10:58:55.803212+00:00,10.8529586867,106.7728761933,6.872,35,RTK Fixed,8.271,0.8
2026-07-22T10:58:55.900551+00:00,10.8529607067,106.7728763550,6.541,35,RTK Fixed,8.335,0.9
2026-07-22T10:58:56.008699+00:00,10.8529627750,106.7728765033,6.329,35,RTK Fixed,8.133,1.0
2026-07-22T10:58:56.103928+00:00,10.8529648233,106.7728766517,6.258,35,RTK Fixed,8.215,1.1
2026-07-22T10:58:56.202770+00:00,10.8529669150,106.7728768433,5.778,35,RTK Fixed,8.179,1.2
2026-07-22T10:58:56.305413+00:00,10.8529689883,106.7728769467,5.852,35,RTK Fixed,8.337,1.3
2026-07-22T10:58:56.406559+00:00,10.8529710100,106.7728771233,5.959,35,RTK Fixed,8.209,1.4
2026-07-22T10:58:56.504160+00:00,10.8529730633,106.7728773200,5.956,35,RTK Fixed,8.002,1.5
2026-07-22T10:58:56.606456+00:00,10.8529750817,106.7728774233,5.82,35,RTK Fixed,8.222,0.6
2026-07-22T10:58:56.706300+00:00,10.8529771433,106.7728776000,6.256,35,RTK Fixed,8.129,0.7
